split0_test_rmse,split1_test_rmse,split2_test_rmse,split3_test_rmse,split4_test_rmse,mean_test_rmse,std_test_rmse,rank_test_rmse,split0_test_mae,split1_test_mae,split2_test_mae,split3_test_mae,split4_test_mae,mean_test_mae,std_test_mae,rank_test_mae,mean_fit_time,std_fit_time,mean_test_time,std_test_time,params,param_k,param_min_k,param_sim_options
0.8338513030803038,0.8333475647424735,0.8343436359672478,0.8325105530959999,0.8307997390810112,0.8329705591934072,0.0012431611621368918,48,0.6386567396072297,0.6375350241486459,0.6380728190157857,0.6389158362507754,0.6345875806638965,0.6375535999372666,0.00155819182045807,66,9.911495780944824,0.17098063486147347,5.046936845779419,0.10882757247353884,"{'k': 20, 'min_k': 3, 'sim_options': {'name': 'msd', 'min_support': 3, 'user_based': True}}",20,3,"{'name': 'msd', 'min_support': 3, 'user_based': True}"
0.8337845611301251,0.8332947413557998,0.8343057895673017,0.8324621818033812,0.8306897575221267,0.8329074062757469,0.0012642069259520094,45,0.6385734985945077,0.637498091349034,0.638041866491155,0.6388471887370312,0.6344881517177952,0.6374897593779046,0.0015704550541861839,65,9.55713062286377,0.11746357450402335,5.087143182754517,0.10844130055931162,"{'k': 20, 'min_k': 3, 'sim_options': {'name': 'msd', 'min_support': 5, 'user_based': True}}",20,3,"{'name': 'msd', 'min_support': 5, 'user_based': True}"
0.8369694956572135,0.8361362957058723,0.8382763938857674,0.833108358587982,0.8340181782656455,0.8357017444204962,0.001896570218098193,68,0.6383459855269886,0.6372768702937632,0.6382380543977366,0.6373821498901125,0.6342572088752874,0.6371000537967777,0.0014859341015841644,62,10.93288345336914,0.13761853053479564,4.558077239990235,0.06672308474207814,"{'k': 20, 'min_k': 3, 'sim_options': {'name': 'jacard', 'min_support': 3, 'user_based': True}}",20,3,"{'name': 'jacard', 'min_support': 3, 'user_based': True}"
0.8369686540291084,0.8361361455067056,0.8382762353356901,0.833107248432171,0.8340195551390301,0.8357015676885411,0.0018964671253914967,67,0.6383468222526121,0.6372764971325764,0.6382379384334935,0.6373803045244635,0.6342579051350936,0.6370998934956479,0.0014857115895545881,61,10.961959600448608,0.09484938341153605,4.547118997573852,0.04238489945618919,"{'k': 20, 'min_k': 3, 'sim_options': {'name': 'jacard', 'min_support': 5, 'user_based': True}}",20,3,"{'name': 'jacard', 'min_support': 5, 'user_based': True}"
0.8338232316902059,0.8331255948734271,0.8353659394671885,0.8302253299135095,0.8308311501172939,0.832674249212325,0.001905953308694396,38,0.635710912622252,0.6349639688630112,0.6358819812043368,0.6352457113729058,0.6317829576093205,0.6347171063343653,0.0015029422833919021,34,16.821559572219847,0.1320538777899229,4.652464532852173,0.03425611579000227,"{'k': 20, 'min_k': 3, 'sim_options': {'name': 'cosine_jaccard', 'min_support': 3, 'user_based': True}}",20,3,"{'name': 'cosine_jaccard', 'min_support': 3, 'user_based': True}"
0.8338223596801798,0.8331254725278904,0.8353658707528938,0.8302241935836622,0.8308325703346239,0.8326740933758501,0.0019058405072434302,37,0.6357117394038018,0.6349636600376724,0.6358819043949147,0.6352438080195402,0.6317837201335336,0.6347169663978925,0.0015025982406335744,33,16.752573204040527,0.12584290566433518,4.672155809402466,0.012111922414714836,"{'k': 20, 'min_k': 3, 'sim_options': {'name': 'cosine_jaccard', 'min_support': 5, 'user_based': True}}",20,3,"{'name': 'cosine_jaccard', 'min_support': 5, 'user_based': True}"
0.8344239563904855,0.8337368342212885,0.8346828186532164,0.8329921055691282,0.8308137139874943,0.8333298857643225,0.0013883976990965456,58,0.6390987541973197,0.6377227790112324,0.6380950127930024,0.6391700543551467,0.634628702114522,0.6377430604942447,0.0016551571993083847,70,9.558434391021729,0.0990063257112838,4.552729511260987,0.10559547571792899,"{'k': 20, 'min_k': 5, 'sim_options': {'name': 'msd', 'min_support': 3, 'user_based': True}}",20,5,"{'name': 'msd', 'min_support': 3, 'user_based': True}"
0.8343572602480221,0.8337073636659014,0.8346449618292274,0.8329417993859478,0.8307094771815489,0.8332721724621296,0.0014091068805400801,57,0.6390155131845979,0.6377003040722905,0.6380635004235109,0.6390993768889818,0.6345359024296936,0.637682919399815,0.0016631907868026033,69,9.571808528900146,0.05645635375453592,4.649617004394531,0.13720786156625647,"{'k': 20, 'min_k': 5, 'sim_options': {'name': 'msd', 'min_support': 5, 'user_based': True}}",20,5,"{'name': 'msd', 'min_support': 5, 'user_based': True}"
0.837452178078811,0.8363977085141777,0.8384934713375728,0.8334546938836358,0.8338036202950506,0.8359203344218497,0.001987728681622825,69,0.6387312506485862,0.6373858896245908,0.6381310119205483,0.6374990871556212,0.6341086441570206,0.6371711767012733,0.0016054810406455782,63,10.752281332015992,0.13935136582541793,4.601768350601196,0.029362262040244468,"{'k': 20, 'min_k': 5, 'sim_options': {'name': 'jacard', 'min_support': 3, 'user_based': True}}",20,5,"{'name': 'jacard', 'min_support': 3, 'user_based': True}"
0.8374513369357955,0.8364225561641169,0.8384933151340548,0.8334516692106441,0.8338112143862855,0.8359260183661792,0.0019879114082279148,70,0.6387320873742096,0.6374020119999302,0.6381310208581588,0.6374952559895117,0.6341169293419484,0.6371754611127518,0.0016027719991065024,64,10.730157566070556,0.10131700495737327,4.601258850097656,0.08612486048679134,"{'k': 20, 'min_k': 5, 'sim_options': {'name': 'jacard', 'min_support': 5, 'user_based': True}}",20,5,"{'name': 'jacard', 'min_support': 5, 'user_based': True}"
0.8343213797146728,0.8334036486594577,0.8355946223465899,0.8305859866815186,0.8306332831437254,0.8329077841091929,0.0020013661253777282,46,0.6361077929331667,0.6350841756871574,0.6357862237330633,0.6353752055412504,0.6316511160873293,0.6348009027963933,0.0016130742489931633,37,18.081968355178834,0.1705015386141291,5.146277618408203,0.17069665391668387,"{'k': 20, 'min_k': 5, 'sim_options': {'name': 'cosine_jaccard', 'min_support': 3, 'user_based': True}}",20,5,"{'name': 'cosine_jaccard', 'min_support': 3, 'user_based': True}"
0.8343205082252979,0.8334286121120942,0.835594555053359,0.8305828187093977,0.8306409728941438,0.8329134933988586,0.002001475633537457,47,0.6361086197147163,0.6351003599879398,0.6357862827937234,0.6353712124517459,0.6316595282289835,0.6348052006354219,0.0016102277358082749,38,18.211866092681884,0.11472564093863732,5.265441656112671,0.06490864825063078,"{'k': 20, 'min_k': 5, 'sim_options': {'name': 'cosine_jaccard', 'min_support': 5, 'user_based': True}}",20,5,"{'name': 'cosine_jaccard', 'min_support': 5, 'user_based': True}"
0.8351227723948592,0.8345569704935408,0.8354956019064486,0.8332752974751149,0.831833521387937,0.83405683273158,0.0013424107101116783,66,0.6395933818996384,0.6382697226349631,0.6385526795797852,0.6393072102540246,0.6353104334461869,0.6382066855629196,0.0015261745104566916,72,11.098670482635498,0.18929235976368167,5.325209999084473,0.13840093584218166,"{'k': 20, 'min_k': 7, 'sim_options': {'name': 'msd', 'min_support': 3, 'user_based': True}}",20,7,"{'name': 'msd', 'min_support': 3, 'user_based': True}"
0.8350565098148637,0.8345052636465207,0.835457781911841,0.8332260918055892,0.8317242428483212,0.8339939780054271,0.0013619438775947675,65,0.6395093239721202,0.6382338307443829,0.6385211672102936,0.6392362116081431,0.6352119415526631,0.6381424950175207,0.001536510060279723,71,11.071270036697388,0.10181628916976124,5.32470064163208,0.08657289821461785,"{'k': 20, 'min_k': 7, 'sim_options': {'name': 'msd', 'min_support': 5, 'user_based': True}}",20,7,"{'name': 'msd', 'min_support': 5, 'user_based': True}"
0.8380362328681883,0.8370652468743904,0.8392937777574592,0.8337355574889665,0.8346795605650204,0.8365620751108048,0.002069859181138392,72,0.6391828426873023,0.6378018258519011,0.638544539154578,0.637639936646512,0.6346409939653546,0.6375620276611296,0.001561305928892809,68,11.29496726989746,0.22575915935701502,4.847767972946167,0.0968557850049461,"{'k': 20, 'min_k': 7, 'sim_options': {'name': 'jacard', 'min_support': 3, 'user_based': True}}",20,7,"{'name': 'jacard', 'min_support': 3, 'user_based': True}"
0.8380338030595809,0.8370653124584019,0.8392936217028886,0.8337321296432311,0.8346810525517782,0.8365611838831761,0.0020701406238960874,71,0.6391781476312158,0.6378017306433087,0.6385445480921885,0.6376343537538671,0.6346419309291904,0.6375601422099542,0.0015599247345796665,67,10.969414329528808,0.13127100149227586,5.070438814163208,0.1648782346595016,"{'k': 20, 'min_k': 7, 'sim_options': {'name': 'jacard', 'min_support': 5, 'user_based': True}}",20,7,"{'name': 'jacard', 'min_support': 5, 'user_based': True}"
0.83491966483735,0.8340892094580787,0.8364082327150957,0.8308747331373912,0.831525006780301,0.8335633693856433,0.0020781231668808814,62,0.6365691147574463,0.6355126343643845,0.6362107944111492,0.6355236063743315,0.632195419762779,0.6352023139340182,0.001557312911550876,42,18.480858278274535,0.21196310448891875,4.974240303039551,0.09760509116111185,"{'k': 20, 'min_k': 7, 'sim_options': {'name': 'cosine_jaccard', 'min_support': 3, 'user_based': True}}",20,7,"{'name': 'cosine_jaccard', 'min_support': 3, 'user_based': True}"
0.8349171982538901,0.8340893050827273,0.8364081654873236,0.8308714250406122,0.8315265339733658,0.8335625255675838,0.0020783447796459903,61,0.6365644001258446,0.6355126052374347,0.6362108534718094,0.6355181395643044,0.6321964083914784,0.6352004813581743,0.0015558861561164525,41,18.235410165786742,0.19433457498904044,5.109396028518677,0.21746666881639296,"{'k': 20, 'min_k': 7, 'sim_options': {'name': 'cosine_jaccard', 'min_support': 5, 'user_based': True}}",20,7,"{'name': 'cosine_jaccard', 'min_support': 5, 'user_based': True}"
0.8325501103031704,0.8321154839906405,0.8329268493979921,0.8309603858431149,0.8298138685565646,0.8316733396182965,0.0011403017988766222,22,0.6371568371020057,0.6363437509310186,0.6365828239513854,0.6371985049035425,0.6334158839935287,0.6361395601762961,0.0014009143347213744,50,10.029841136932372,0.15197185213801184,5.371066045761109,0.1583522413684349,"{'k': 30, 'min_k': 3, 'sim_options': {'name': 'msd', 'min_support': 3, 'user_based': True}}",30,3,"{'name': 'msd', 'min_support': 3, 'user_based': True}"
0.83251472952866,0.8320675602354847,0.8328847895998848,0.8308959533961368,0.8297311270453464,0.8316188319611024,0.0011569461117643734,15,0.6370973640345363,0.6363142730812744,0.636564564235126,0.6371685286444309,0.6333377683891832,0.6360964996769102,0.0014161979786569158,49,9.859819173812866,0.07597420131988188,5.387101554870606,0.10328432676365149,"{'k': 30, 'min_k': 3, 'sim_options': {'name': 'msd', 'min_support': 5, 'user_based': True}}",30,3,"{'name': 'msd', 'min_support': 5, 'user_based': True}"
0.8339440952433544,0.8334843624457946,0.8356132295443939,0.830518734880289,0.8315498585881018,0.8330220561403866,0.0018006690868266778,50,0.635442750734028,0.6347785453385063,0.6357402223494895,0.6352505237510423,0.6322595829259655,0.6346943250198064,0.0012568581008353579,32,11.411489963531494,0.1909761036810832,5.377468299865723,0.0817040321348766,"{'k': 30, 'min_k': 3, 'sim_options': {'name': 'jacard', 'min_support': 3, 'user_based': True}}",30,3,"{'name': 'jacard', 'min_support': 3, 'user_based': True}"
0.8339428699280392,0.8334835675782498,0.8356122912472979,0.8305182358526843,0.8315506680511292,0.83302152653148,0.0018002392223132881,49,0.6354432062649448,0.6347781182819252,0.6357396475066792,0.6352496266125093,0.6322603294366195,0.6346941856205356,0.0012564424214686098,31,11.307336664199829,0.057785170284065754,5.417190361022949,0.09169854373639383,"{'k': 30, 'min_k': 3, 'sim_options': {'name': 'jacard', 'min_support': 5, 'user_based': True}}",30,3,"{'name': 'jacard', 'min_support': 5, 'user_based': True}"
0.8316179947740415,0.8311825631256626,0.833493789603748,0.828291346313217,0.8291734997159729,0.8307518387065282,0.0018438666637228805,6,0.6337747712124274,0.6331966969705012,0.6341226796647205,0.6333778269319258,0.6304398534007376,0.6329823656360626,0.0013111002025500056,10,18.01055850982666,0.2521304460801523,5.3425122737884525,0.07297811318205558,"{'k': 30, 'min_k': 3, 'sim_options': {'name': 'cosine_jaccard', 'min_support': 3, 'user_based': True}}",30,3,"{'name': 'cosine_jaccard', 'min_support': 3, 'user_based': True}"
0.8316166597727479,0.8311816960178003,0.8334929313192162,0.828290824764628,0.8291742538192464,0.8307512731387277,0.0018434556460862682,5,0.633775195603339,0.6331962829059345,0.6341221247629621,0.6333769730317834,0.6304405487136012,0.6329822250035241,0.0013107203353799573,9,17.687722587585448,0.16773035969333946,5.2931211471557615,0.18662753915263808,"{'k': 30, 'min_k': 3, 'sim_options': {'name': 'cosine_jaccard', 'min_support': 5, 'user_based': True}}",30,3,"{'name': 'cosine_jaccard', 'min_support': 5, 'user_based': True}"
0.8331236579976896,0.8325053295757953,0.8332666087897055,0.8314428361377708,0.8298278600658267,0.8320332585133576,0.0012763507293495331,26,0.6375988516920957,0.6365315057936051,0.6366050177286022,0.637452723007914,0.6334570054441541,0.6363290207332742,0.0014993881304078273,54,10.258467102050782,0.05545807226711287,5.344510221481324,0.07013654163573008,"{'k': 30, 'min_k': 5, 'sim_options': {'name': 'msd', 'min_support': 3, 'user_based': True}}",30,5,"{'name': 'msd', 'min_support': 3, 'user_based': True}"
0.8330883015814159,0.832480790802857,0.8332245402940541,0.8313764745297585,0.82975086948735,0.8319841953390871,0.0012931498133183685,23,0.6375393786246264,0.6365164858045309,0.6365861981674817,0.6374207167963817,0.6333855191010815,0.6362896596988206,0.0015109272191951718,53,10.027386093139649,0.16871412553521206,5.452547645568847,0.1603100069721399,"{'k': 30, 'min_k': 5, 'sim_options': {'name': 'msd', 'min_support': 5, 'user_based': True}}",30,5,"{'name': 'msd', 'min_support': 5, 'user_based': True}"
0.8344285277359057,0.8337466067413422,0.8358309986589507,0.8308661496261953,0.8313346635726668,0.8332413892670122,0.0018787221970422384,53,0.6358280158556258,0.6348875646693337,0.635633179872301,0.635367461016551,0.6321110182076989,0.6347654479243021,0.0013642095678668795,35,11.090608692169189,0.09517143563543838,5.256864023208618,0.16187382950477616,"{'k': 30, 'min_k': 5, 'sim_options': {'name': 'jacard', 'min_support': 3, 'user_based': True}}",30,5,"{'name': 'jacard', 'min_support': 3, 'user_based': True}"
0.8344273031319558,0.8337708894296271,0.8358300629191793,0.8308637298640738,0.8313417085761459,0.8332467387841962,0.0018788241680189298,54,0.6358284713865423,0.6349036331492789,0.6356327299313448,0.6353645780775578,0.6321193536434742,0.6347697532376395,0.0013610269154113628,36,11.079038190841676,0.19202984102381507,5.347833633422852,0.022501918476332643,"{'k': 30, 'min_k': 5, 'sim_options': {'name': 'jacard', 'min_support': 5, 'user_based': True}}",30,5,"{'name': 'jacard', 'min_support': 5, 'user_based': True}"
0.8321174629670346,0.8314612666924669,0.8337229859975428,0.8286528448144481,0.8289752370801757,0.8309859595103337,0.0019227043380039104,9,0.634171651523342,0.6333169037946471,0.6340269221934471,0.6335073211002703,0.6303080118787462,0.6330661620980906,0.0014149241765012003,13,17.41060061454773,0.10877774531073088,5.294318342208863,0.16901828876402386,"{'k': 30, 'min_k': 5, 'sim_options': {'name': 'cosine_jaccard', 'min_support': 3, 'user_based': True}}",30,5,"{'name': 'cosine_jaccard', 'min_support': 3, 'user_based': True}"
0.8321161287670602,0.8314855442563619,0.8337221293543672,0.8286502866184707,0.8289822731026255,0.8309912724197771,0.0019226793193820072,10,0.6341720759142536,0.6333329828562017,0.634026503161771,0.6335043774639891,0.6303163568090513,0.6330704592410534,0.0014120809574298453,14,17.166968393325806,0.10589499360516198,5.286063861846924,0.10480582296866527,"{'k': 30, 'min_k': 5, 'sim_options': {'name': 'cosine_jaccard', 'min_support': 5, 'user_based': True}}",30,5,"{'name': 'cosine_jaccard', 'min_support': 5, 'user_based': True}"
0.8338235637648868,0.8333266778605638,0.8340807720922696,0.8317265555497021,0.8308488775321242,0.8327612893599092,0.0012583416711035016,44,0.6380934793944145,0.6370784494173357,0.6370626845153851,0.6375898789067918,0.6341387367758189,0.6367926458019492,0.0013802598589425944,60,10.009885692596436,0.12936732790380912,5.243612337112427,0.10888059205556576,"{'k': 30, 'min_k': 7, 'sim_options': {'name': 'msd', 'min_support': 3, 'user_based': True}}",30,7,"{'name': 'msd', 'min_support': 3, 'user_based': True}"
0.8337886153500803,0.8332798652786177,0.8340387446626076,0.8316613020351771,0.8307668060757992,0.8327070666804565,0.0012751036753353084,39,0.6380331894121487,0.6370500124766233,0.6370438649542646,0.6375575515155429,0.6340615582240513,0.6367492353165262,0.0013930394735356866,59,9.899355220794678,0.09870670600898405,5.2668205261230465,0.14557491690338611,"{'k': 30, 'min_k': 7, 'sim_options': {'name': 'msd', 'min_support': 5, 'user_based': True}}",30,7,"{'name': 'msd', 'min_support': 5, 'user_based': True}"
0.8350146974338062,0.8344162660026583,0.8366338519483139,0.8311478879594364,0.8322132025300737,0.8338851811748578,0.001969839375695709,64,0.636279607894342,0.635303500896644,0.6360467071063307,0.6355083105074416,0.6326433680160326,0.6351562988841583,0.0013049944136169708,40,11.114407920837403,0.21486632041362805,5.2675926208496096,0.05341276193393654,"{'k': 30, 'min_k': 7, 'sim_options': {'name': 'jacard', 'min_support': 3, 'user_based': True}}",30,7,"{'name': 'jacard', 'min_support': 3, 'user_based': True}"
0.8350118786861788,0.8344156883240142,0.836632917106501,0.8311450635677682,0.8322141278967317,0.8338839351162388,0.0019698524646822846,63,0.6362745316435483,0.6353033517926575,0.6360462571653744,0.6355036758419129,0.632644355230716,0.6351544343348418,0.0013034269515782718,39,11.095013189315797,0.0844672675524839,5.4190630435943605,0.13097113134921448,"{'k': 30, 'min_k': 7, 'sim_options': {'name': 'jacard', 'min_support': 5, 'user_based': True}}",30,7,"{'name': 'jacard', 'min_support': 5, 'user_based': True}"
0.8327173315464329,0.8321484277130777,0.8345384210686219,0.8289422646442254,0.8298687423484443,0.8316430374641606,0.002011719179132335,18,0.6346329733476215,0.6337453624718743,0.6344514928715331,0.6336557219333515,0.6308523155541961,0.6334675732357152,0.00136223307869631,18,17.511123418807983,0.08706255988674694,5.2985639572143555,0.05268361811884931,"{'k': 30, 'min_k': 7, 'sim_options': {'name': 'cosine_jaccard', 'min_support': 3, 'user_based': True}}",30,7,"{'name': 'cosine_jaccard', 'min_support': 3, 'user_based': True}"
0.8327143983678228,0.8321477799487261,0.8345375652624809,0.8289395657867005,0.8298696041967227,0.8316417827124905,0.002011700133208025,17,0.6346278563253818,0.6337452281056966,0.634451073839857,0.6336513045765477,0.6308532369715464,0.633465739963806,0.0013608171821858108,17,17.443993091583252,0.22645779632656907,5.408805322647095,0.16759330570514983,"{'k': 30, 'min_k': 7, 'sim_options': {'name': 'cosine_jaccard', 'min_support': 5, 'user_based': True}}",30,7,"{'name': 'cosine_jaccard', 'min_support': 5, 'user_based': True}"
0.8323820137988571,0.8321700960565663,0.8333223519247893,0.8305330878325975,0.8299356419286908,0.8316686383083003,0.0012480292082954429,19,0.6366940262488925,0.6360374263949036,0.6367332759739146,0.6365498376247138,0.6332546174316448,0.6358538367348139,0.0013231322823389863,44,10.036807584762574,0.08593513535762716,5.71003041267395,0.09765946185098706,"{'k': 40, 'min_k': 3, 'sim_options': {'name': 'msd', 'min_support': 3, 'user_based': True}}",40,3,"{'name': 'msd', 'min_support': 3, 'user_based': True}"
0.8323283023090992,0.8321295537141239,0.833303339427633,0.8305036941179285,0.8298731125337196,0.8316276004205008,0.0012563784929321626,16,0.6366385635603791,0.6360162050737278,0.6367171117490592,0.6365314269722899,0.6332031652416337,0.6358212945194179,0.0013317129070659502,43,9.926944923400878,0.16695086269433967,5.79052767753601,0.10504942605712056,"{'k': 40, 'min_k': 3, 'sim_options': {'name': 'msd', 'min_support': 5, 'user_based': True}}",40,3,"{'name': 'msd', 'min_support': 5, 'user_based': True}"
0.8330508727285851,0.8326045944429845,0.8351236201971503,0.8302155994425507,0.8310299476095455,0.8324049268841632,0.001704824281284007,30,0.6347570394280652,0.633964698145711,0.6353414357692115,0.6348732455680456,0.6317522708315989,0.6341377379485265,0.0012723042374960948,22,11.0299813747406,0.16237413204861023,5.660070562362671,0.12004447026021414,"{'k': 40, 'min_k': 3, 'sim_options': {'name': 'jacard', 'min_support': 3, 'user_based': True}}",40,3,"{'name': 'jacard', 'min_support': 3, 'user_based': True}"
0.8330491578672866,0.8326032036263022,0.8351228044576736,0.8302153486598521,0.8310305829032917,0.8324042195028813,0.0017043636587814163,29,0.6347571529904488,0.6339639927659315,0.6353412126110765,0.6348722929032933,0.6317529517890303,0.634137520611956,0.0012719268389302246,21,11.094102954864502,0.12143113570208139,5.681358385086059,0.08931895878395284,"{'k': 40, 'min_k': 3, 'sim_options': {'name': 'jacard', 'min_support': 5, 'user_based': True}}",40,3,"{'name': 'jacard', 'min_support': 5, 'user_based': True}"
0.8311147315639058,0.8304999793286884,0.833094680663752,0.8281900049880301,0.8290983137965334,0.830399542068182,0.001694733302376907,2,0.6333133651156114,0.6323219246454788,0.6338509650377104,0.6331149359904586,0.6302506125954558,0.632570360676943,0.0012594853726885073,2,17.236566066741943,0.20407505592012562,5.60109658241272,0.10591605987505347,"{'k': 40, 'min_k': 3, 'sim_options': {'name': 'cosine_jaccard', 'min_support': 3, 'user_based': True}}",40,3,"{'name': 'cosine_jaccard', 'min_support': 3, 'user_based': True}"
0.8311130357289297,0.8304984196881259,0.8330939219240879,0.8281897212001118,0.829098969359801,0.8303988135802112,0.0016943038559145758,1,0.6333136084137242,0.6323211740924326,0.6338505952009611,0.6331140349374567,0.6302513184491205,0.6325701462187391,0.0012591306456937242,1,17.13071756362915,0.06987678688579467,5.84437255859375,0.11156929101923842,"{'k': 40, 'min_k': 3, 'sim_options': {'name': 'cosine_jaccard', 'min_support': 5, 'user_based': True}}",40,3,"{'name': 'cosine_jaccard', 'min_support': 5, 'user_based': True}"
0.8329556772394742,0.8325599160696605,0.8336619501292434,0.8310157861972485,0.8299496313850655,0.8320285922041384,0.0013533295178302068,25,0.6371360408389825,0.63622518125749,0.6367554697511313,0.636804055729085,0.6332957388822703,0.6360432972917918,0.0014044351506845507,48,10.017008209228516,0.1363313887233718,5.67711443901062,0.12175575852779683,"{'k': 40, 'min_k': 5, 'sim_options': {'name': 'msd', 'min_support': 3, 'user_based': True}}",40,5,"{'name': 'msd', 'min_support': 3, 'user_based': True}"
0.8329020027436466,0.8325427535111847,0.8336429195420774,0.8309844420775762,0.82989285159801,0.831992993894499,0.0013622453376264103,24,0.6370805781504693,0.6362184177969844,0.6367387456814151,0.6367836151242405,0.6332509159535322,0.6360144545413282,0.0014093666480925122,47,9.885953187942505,0.033487852201657786,5.747014379501342,0.06698706443450349,"{'k': 40, 'min_k': 5, 'sim_options': {'name': 'msd', 'min_support': 5, 'user_based': True}}",40,5,"{'name': 'msd', 'min_support': 5, 'user_based': True}"
0.8335358243423684,0.8328671157505236,0.8353415169502838,0.8305631409864377,0.8308146179283986,0.8326244431916026,0.001777438024083404,35,0.6351423045496629,0.6340737174765385,0.635234393292023,0.6349901828335541,0.6316037061133323,0.6342088608530222,0.001366645009169528,24,11.142459821701049,0.25428860484042365,5.53754243850708,0.09124154306077226,"{'k': 40, 'min_k': 5, 'sim_options': {'name': 'jacard', 'min_support': 3, 'user_based': True}}",40,5,"{'name': 'jacard', 'min_support': 3, 'user_based': True}"
0.833534110478779,0.832890829176361,0.8353407037378041,0.8305609686652663,0.8308214926219776,0.8326296209360375,0.0017767921236457806,36,0.6351424181120464,0.6340895076332851,0.6352342950357419,0.6349872443683418,0.6316119759958849,0.63421308822906,0.0013628567140119875,26,10.911434555053711,0.16217805034524457,5.767500591278076,0.14803906089394203,"{'k': 40, 'min_k': 5, 'sim_options': {'name': 'jacard', 'min_support': 5, 'user_based': True}}",40,5,"{'name': 'jacard', 'min_support': 5, 'user_based': True}"
0.8316145020171544,0.8307789118836896,0.8333239868279811,0.8285515477046612,0.8289000331771945,0.8306337963221362,0.0017641803247921595,3,0.633710245426526,0.6324421314696247,0.6337552075664371,0.6332444301588034,0.6301187710734645,0.6326541571389712,0.0013527153535391361,3,17.204474449157715,0.10340654233875364,5.632450294494629,0.08364289167416444,"{'k': 40, 'min_k': 5, 'sim_options': {'name': 'cosine_jaccard', 'min_support': 3, 'user_based': True}}",40,5,"{'name': 'cosine_jaccard', 'min_support': 3, 'user_based': True}"
0.8316128072013161,0.8308025178204178,0.8333232297031801,0.8285492269172212,0.8289069712067673,0.8306389505697804,0.0017633605931992914,4,0.6337104887246388,0.6324578740427,0.6337549735997698,0.6332414393696622,0.6301271265445704,0.6326583804562682,0.001348840629177826,4,17.152775049209595,0.1492309568226642,5.70762677192688,0.16307813678234703,"{'k': 40, 'min_k': 5, 'sim_options': {'name': 'cosine_jaccard', 'min_support': 5, 'user_based': True}}",40,5,"{'name': 'cosine_jaccard', 'min_support': 5, 'user_based': True}"
0.8336557240369649,0.8333812105560939,0.8344757277137745,0.8312996513597143,0.8309704992303681,0.8327565625793831,0.0013759954774350117,43,0.6376306685413013,0.6367721248812208,0.6372131365379142,0.6369412116279629,0.6339774702139351,0.6365069223604669,0.001297583265138559,56,9.8837655544281,0.09876043063982752,5.610382986068726,0.059062374082871676,"{'k': 40, 'min_k': 7, 'sim_options': {'name': 'msd', 'min_support': 3, 'user_based': True}}",40,7,"{'name': 'msd', 'min_support': 3, 'user_based': True}"
0.8336024730229471,0.8333417685721666,0.8344567156855885,0.831269403909645,0.8309086145875775,0.8327157951555849,0.0013832421257495256,41,0.6375743889379915,0.6367519444690769,0.6371964124681978,0.6369204498434018,0.6339269550765019,0.6364740301590339,0.0013035907346552647,55,9.7547372341156,0.08737251798698112,5.782883501052856,0.06911393429697203,"{'k': 40, 'min_k': 7, 'sim_options': {'name': 'msd', 'min_support': 5, 'user_based': True}}",40,7,"{'name': 'msd', 'min_support': 5, 'user_based': True}"
0.8341226213771397,0.8335374815901879,0.8361448402325135,0.8308449820694772,0.8316937062232665,0.833268726298517,0.0018670094749985225,56,0.6355938965883791,0.6344896537038489,0.6356479205260528,0.635131032324445,0.632136055921666,0.6345997118128783,0.001300089189086052,30,11.141992139816285,0.15624099614978576,5.729461288452148,0.15441080997287993,"{'k': 40, 'min_k': 7, 'sim_options': {'name': 'jacard', 'min_support': 3, 'user_based': True}}",40,7,"{'name': 'jacard', 'min_support': 3, 'user_based': True}"
0.8341193120091407,0.8335363088594598,0.8361440278013257,0.8308424048877227,0.8316944576316612,0.8332673022378619,0.0018669655858783894,55,0.6355884783690525,0.6344892262766637,0.6356478222697718,0.635126342132697,0.6321369775831269,0.6345977693262623,0.0012985208816219285,28,10.98442440032959,0.11598085604962981,5.762560844421387,0.06325164809728206,"{'k': 40, 'min_k': 7, 'sim_options': {'name': 'jacard', 'min_support': 5, 'user_based': True}}",40,7,"{'name': 'jacard', 'min_support': 5, 'user_based': True}"
0.8322147331358398,0.8314666368328636,0.8341398119511684,0.8288410029059908,0.8297936194235342,0.8312911608498794,0.0018571211569789118,14,0.6341715672508056,0.6328705901468519,0.6341797782445231,0.6333928309918845,0.6306630747489144,0.6330555682765959,0.0012947038340894344,12,17.166638565063476,0.06537786055565747,5.652878046035767,0.13490802287489387,"{'k': 40, 'min_k': 7, 'sim_options': {'name': 'cosine_jaccard', 'min_support': 3, 'user_based': True}}",40,7,"{'name': 'cosine_jaccard', 'min_support': 3, 'user_based': True}"
0.832211438635675,0.8314652975218153,0.8341390555668691,0.8288385413570574,0.8297943828240859,0.8312897431811004,0.0018570630516352715,13,0.634166269135767,0.6328701192921946,0.6341795442778559,0.6333883664822207,0.6306640067070653,0.6330536611790207,0.0012931877649594568,11,17.274693107604982,0.19361736180422917,5.7334154605865475,0.1532881126496109,"{'k': 40, 'min_k': 7, 'sim_options': {'name': 'cosine_jaccard', 'min_support': 5, 'user_based': True}}",40,7,"{'name': 'cosine_jaccard', 'min_support': 5, 'user_based': True}"
0.83268238452836,0.8325947352994764,0.8339820648723336,0.8309788116972566,0.8301387447066692,0.8320753482208192,0.0013584292343612244,28,0.6367131161021792,0.6361375647546162,0.637059319409843,0.6368343149197309,0.6331534298852394,0.6359795490143216,0.0014454458024033728,46,9.898664426803588,0.20154622104734043,5.883095550537109,0.07876013381743825,"{'k': 50, 'min_k': 3, 'sim_options': {'name': 'msd', 'min_support': 3, 'user_based': True}}",50,3,"{'name': 'msd', 'min_support': 3, 'user_based': True}"
0.8326589460207457,0.832564221935458,0.8339661339652399,0.8309481354318462,0.8300891828653629,0.8320453240437307,0.0013686203905421024,27,0.6366812917709024,0.6361257078705108,0.6370479543105475,0.6368132918930758,0.633114806963023,0.6359566105616119,0.0014528963163245889,45,9.737924385070801,0.12771356464772568,6.130426597595215,0.10094552552815,"{'k': 50, 'min_k': 3, 'sim_options': {'name': 'msd', 'min_support': 5, 'user_based': True}}",50,3,"{'name': 'msd', 'min_support': 5, 'user_based': True}"
0.8331412886076733,0.8323249954436307,0.835098443169081,0.8304586148114812,0.8314336718466231,0.8324914027756979,0.0015809948914076192,34,0.6348595608739088,0.6337818366779073,0.6352742356865619,0.6347804837057034,0.6319846961595229,0.6341361626207209,0.0011822030116584643,19,11.11963710784912,0.27759935832184385,6.086872339248657,0.15761729941508698,"{'k': 50, 'min_k': 3, 'sim_options': {'name': 'jacard', 'min_support': 3, 'user_based': True}}",50,3,"{'name': 'jacard', 'min_support': 3, 'user_based': True}"
0.8331399328220054,0.8323235100431525,0.835098021097625,0.8304588530614863,0.8314344706507446,0.8324909575350027,0.0015806075498437208,33,0.6348599660254466,0.6337809691748524,0.6352745536230079,0.6347796461972218,0.6319857479691661,0.634136176597939,0.0011818918827574477,20,10.921379137039185,0.10543491478177197,6.120793867111206,0.2934306499877269,"{'k': 50, 'min_k': 3, 'sim_options': {'name': 'jacard', 'min_support': 5, 'user_based': True}}",50,3,"{'name': 'jacard', 'min_support': 5, 'user_based': True}"
0.8314457026475217,0.8307238848761861,0.8333726046380076,0.828768771342349,0.8295833091049377,0.8307788545218004,0.0015902836842611578,8,0.6335863547929158,0.6324722114215588,0.6339363097183757,0.6335003930194271,0.6305336612350715,0.6328057860374697,0.0012364201046978314,5,17.239358472824097,0.15895165690705954,5.963228368759156,0.09430590353559853,"{'k': 50, 'min_k': 3, 'sim_options': {'name': 'cosine_jaccard', 'min_support': 3, 'user_based': True}}",50,3,"{'name': 'cosine_jaccard', 'min_support': 3, 'user_based': True}"
0.8314443172070933,0.8307222365960713,0.8333722601857877,0.8287689273522927,0.8295840156529793,0.8307783513988449,0.0015899210670055205,7,0.6335868176745372,0.6324713035352874,0.6339366534237405,0.6334997417997672,0.6305346899171042,0.6328058412700873,0.0012361393271318214,6,17.02439079284668,0.16639589800997634,6.067244815826416,0.18740674134117646,"{'k': 50, 'min_k': 3, 'sim_options': {'name': 'cosine_jaccard', 'min_support': 5, 'user_based': True}}",50,3,"{'name': 'cosine_jaccard', 'min_support': 5, 'user_based': True}"
0.8332558411757255,0.8329843565899244,0.8343213945504167,0.8314612513004239,0.8301527307404236,0.8324351148713829,0.001462258303834018,32,0.6371551306922691,0.6363253196172027,0.6370815131870596,0.6370885330241024,0.6331945513358649,0.6361690095712997,0.001518055052957394,52,9.86082592010498,0.08374081056160462,6.040161895751953,0.050743414718843624,"{'k': 50, 'min_k': 5, 'sim_options': {'name': 'msd', 'min_support': 3, 'user_based': True}}",50,5,"{'name': 'msd', 'min_support': 3, 'user_based': True}"
0.8332324187992263,0.8329772061146165,0.8343054443082115,0.8314286264070518,0.8301089167917417,0.8324105224841695,0.0014730160405525977,31,0.6371233063609922,0.6363279205937674,0.6370695882429032,0.6370654800450265,0.6331625576749214,0.6361497705835222,0.0015223362730930141,51,9.835170793533326,0.08340219877446531,6.079584455490112,0.08651282168584747,"{'k': 50, 'min_k': 5, 'sim_options': {'name': 'msd', 'min_support': 5, 'user_based': True}}",50,5,"{'name': 'msd', 'min_support': 5, 'user_based': True}"
0.8336261876231508,0.8325876049109001,0.8353163464897773,0.8308060546975494,0.8312184467514813,0.8327109280945717,0.0016429946344719097,40,0.6352448259955064,0.6338908560087347,0.6351671932093734,0.6348974209712119,0.6318361314412563,0.6342072855252165,0.0012803670764428656,23,11.088043975830079,0.20334354320280337,6.039616489410401,0.1239222815362237,"{'k': 50, 'min_k': 5, 'sim_options': {'name': 'jacard', 'min_support': 3, 'user_based': True}}",50,5,"{'name': 'jacard', 'min_support': 3, 'user_based': True}"
0.8336248326261096,0.8326112322133653,0.8353159268427063,0.8308043717674967,0.8312254819652187,0.8327163690829794,0.001641495564966483,42,0.6352452311470441,0.6339064840422061,0.6351676360476733,0.6348945976622702,0.6318447721760209,0.634211744215043,0.0012762330250647481,25,10.936166620254516,0.15819562956132477,6.121056318283081,0.14037464351050943,"{'k': 50, 'min_k': 5, 'sim_options': {'name': 'jacard', 'min_support': 5, 'user_based': True}}",50,5,"{'name': 'jacard', 'min_support': 5, 'user_based': True}"
0.8319452742781387,0.8310027422755464,0.833601834351256,0.8291300616875635,0.8293851444331504,0.831013011405131,0.0016593175876333708,11,0.6339832351038305,0.632592418245705,0.6338405522471023,0.6336298871877716,0.6304018197130804,0.632889582499498,0.001336094366915624,7,17.362846469879152,0.22862764319762938,5.9863427639007565,0.10822375359556655,"{'k': 50, 'min_k': 5, 'sim_options': {'name': 'cosine_jaccard', 'min_support': 3, 'user_based': True}}",50,5,"{'name': 'cosine_jaccard', 'min_support': 3, 'user_based': True}"
0.8319438896696497,0.8310262528268586,0.8336014913993669,0.8291281819286302,0.8293921297845881,0.8310183891218188,0.0016581093536482002,12,0.633983697985452,0.6326080034855547,0.6338410318225493,0.633627146231973,0.6304104980125541,0.6328940755076167,0.0013320203053475428,8,17.056734228134154,0.09319794238793494,6.118135547637939,0.1941513379565807,"{'k': 50, 'min_k': 5, 'sim_options': {'name': 'cosine_jaccard', 'min_support': 5, 'user_based': True}}",50,5,"{'name': 'cosine_jaccard', 'min_support': 5, 'user_based': True}"
0.8339556360068506,0.8338052330044173,0.8351345295547853,0.831744964430695,0.8311733491340683,0.8331627424261633,0.0014762925840839638,52,0.6376497583945878,0.6368722632409335,0.6375391799738425,0.63722568892298,0.6338762826675297,0.6366326346399747,0.0014044911263191037,58,9.750086975097656,0.12528936009679045,5.925778388977051,0.05800670334704263,"{'k': 50, 'min_k': 7, 'sim_options': {'name': 'msd', 'min_support': 3, 'user_based': True}}",50,7,"{'name': 'msd', 'min_support': 3, 'user_based': True}"
0.8339326115422069,0.8337758048357565,0.8351185948429497,0.8317134360526063,0.8311244157161608,0.8331329725979361,0.001486252749563303,51,0.6376171171485148,0.63686144726586,0.6375272550296859,0.637202314764188,0.6338385967978912,0.636609346201228,0.0014107003805978564,57,9.907779788970947,0.14450601056323242,6.13624153137207,0.20346615094244125,"{'k': 50, 'min_k': 7, 'sim_options': {'name': 'msd', 'min_support': 5, 'user_based': True}}",50,7,"{'name': 'msd', 'min_support': 5, 'user_based': True}"
0.8342129210951292,0.8332581956202927,0.8361196939551682,0.8310878134029401,0.8320971084121297,0.833355146497132,0.0017384682087721577,60,0.6356964180342228,0.6343067922360451,0.6355807204434033,0.6350382704621028,0.6323684812495901,0.6345981364850728,0.0012183312730669733,29,10.985735988616943,0.09627592245993653,6.028978586196899,0.07822047381633931,"{'k': 50, 'min_k': 7, 'sim_options': {'name': 'jacard', 'min_support': 3, 'user_based': True}}",50,7,"{'name': 'jacard', 'min_support': 3, 'user_based': True}"
0.8342099705145358,0.8332569284853414,0.8361192747112958,0.831085725564706,0.8320980231444625,0.8333539844840683,0.0017384705579270266,59,0.6356912914040505,0.6343062026855848,0.635581163281703,0.6350336954266256,0.6323697737632626,0.6345964253122452,0.0012167047360817729,27,10.96172833442688,0.08791463903301742,6.121551275253296,0.09503882843846582,"{'k': 50, 'min_k': 7, 'sim_options': {'name': 'jacard', 'min_support': 5, 'user_based': True}}",50,7,"{'name': 'jacard', 'min_support': 5, 'user_based': True}"
0.8325452669235739,0.8316902821393214,0.8344173878178883,0.829419314996005,0.8302782085790599,0.8316700920911696,0.001750274817208193,21,0.6344445569281097,0.633020876922932,0.6342651229251884,0.6337782880208529,0.6309461233885301,0.6332909936371227,0.001271886117120193,16,17.20027976036072,0.1297037181599869,5.690208578109742,0.1540644040248819,"{'k': 50, 'min_k': 7, 'sim_options': {'name': 'cosine_jaccard', 'min_support': 3, 'user_based': True}}",50,7,"{'name': 'cosine_jaccard', 'min_support': 3, 'user_based': True}"
0.8325422830424125,0.8316888542320051,0.834417045201198,0.8294172944194287,0.8302790228590893,0.8316688999508267,0.0017502562277736436,20,0.6344394783965801,0.6330202487350495,0.6342656025006355,0.6337740733445317,0.6309473781750491,0.6332893562303692,0.0012702809542631678,15,17.21147780418396,0.27252704177624465,5.0003089427948,0.4304007016234391,"{'k': 50, 'min_k': 7, 'sim_options': {'name': 'cosine_jaccard', 'min_support': 5, 'user_based': True}}",50,7,"{'name': 'cosine_jaccard', 'min_support': 5, 'user_based': True}"
