movieId,rating_count
356,837
296,801
260,791
593,779
1196,769
480,761
1270,742
1198,734
2858,720
2762,714
1210,706
4993,703
589,701
780,694
2959,677
110,674
50,671
3578,664
1265,660
2028,658
608,658
5952,657
4306,642
1291,634
1240,632
1721,624
1097,622
7153,621
32,619
1136,613
1214,611
1527,609
4226,606
2716,603
2628,591
541,588
377,588
6539,585
1704,584
150,580
457,570
1197,569
4963,569
5445,564
3793,564
364,558
5349,550
6377,546
1200,541
367,540
588,536
6874,532
1258,531
4886,526
1732,525
2997,523
2115,521
293,517
924,517
380,514
3147,511
1213,508
4995,506
5418,504
1221,504
5989,497
1923,497
1961,497
2918,496
597,495
3996,495
733,490
4022,484
7438,482
344,482
2683,478
7361,477
1968,476
1517,475
8961,475
33794,473
1208,470
590,469
4896,467
778,465
919,465
2797,463
4878,460
2012,456
1917,455
1617,454
1073,451
6365,448
3114,445
2174,445
1784,445
231,444
4027,438
1653,436
2987,435
1584,435
3948,434
736,433
750,433
595,431
1610,431
1573,431
2000,430
5378,428
111,426
8636,426
165,425
223,424
1259,423
2355,422
1080,421
1393,421
1220,419
2617,418
153,411
32587,409
1307,406
2396,404
3994,402
8360,399
2791,399
1079,398
39,398
1225,393
912,393
6333,393
2710,391
1485,391
253,386
3897,384
1370,384
2542,384
316,383
208,383
551,383
8368,381
1676,381
3623,380
33493,377
357,376
10,375
2700,375
1625,373
1407,371
79132,368
1544,368
1380,367
2054,367
3949,367
2194,366
6934,365
8665,364
7147,364
48516,362
2268,360
8874,359
6,358
3481,356
59315,356
3751,355
2692,353
2985,353
1552,352
1090,351
5218,351
48780,350
19,350
6502,348
904,347
3253,346
1201,344
5502,344
2324,344
1247,342
72998,341
60069,340
4370,340
21,338
3081,337
49272,335
1997,335
48394,334
3471,334
45722,334
1377,333
6373,331
4034,330
1608,330
4979,330
6863,329
2353,329
1641,329
3033,327
2321,326
51662,325
4308,323
68157,323
288,323
1777,323
1374,322
1266,322
40815,322
1278,321
292,320
1394,320
3448,318
1320,317
1500,316
48774,315
1028,315
1288,314
2712,314
7143,313
16,312
7254,312
2081,311
349,311
2001,309
2302,308
3753,307
508,306
2003,306
68954,304
5010,303
4720,303
54286,302
2529,302
56367,302
6378,301
594,300
5299,299
30707,298
1252,298
329,296
1207,296
1356,296
4246,296
35836,293
1234,293
5679,292
3671,291
454,291
442,291
3160,290
2005,290
353,289
1639,289
5995,288
70286,287
2470,286
50872,286
2167,286
4447,285
337,285
2671,285
903,284
368,284
4085,284
2006,283
3176,283
33679,282
4848,282
4776,281
908,281
95,280
6942,279
920,278
1304,278
474,277
784,277
4816,277
2804,277
1302,276
2420,274
4018,274
69122,274
1275,274
51255,273
1183,272
2890,272
185,272
56174,271
2701,270
5956,269
161,268
1722,268
25,267
1230,266
235,266
68358,265
555,265
4025,265
36,264
1876,264
8798,263
3489,263
1748,261
2294,261
5481,259
91529,259
4270,259
339,259
1088,258
8464,258
1376,258
163,257
3418,257
41566,257
2717,257
1690,256
2100,256
440,256
1092,255
34162,255
3499,255
8361,255
1250,255
2572,254
8376,254
4014,254
832,254
5902,253
4718,253
2407,253
4975,251
2699,251
1408,251
3717,251
99114,250
410,250
3000,249
2455,249
7458,249
4643,248
4571,248
3785,247
47610,247
3039,247
1263,247
1333,246
3421,245
33166,245
1674,245
2019,244
5266,244
1562,244
73017,243
109487,243
145,242
300,242
8622,242
45447,242
1233,241
2278,240
1994,240
6807,240
7293,240
1884,240
80463,239
1569,238
3702,238
54503,238
653,238
5991,238
8784,237
3255,237
53125,237
89745,236
1358,236
485,236
1339,235
7373,235
2193,235
3868,235
5388,235
64614,235
4367,234
49530,234
317,234
2288,233
4369,233
33004,233
8528,233
8984,233
1597,233
5464,232
4148,231
173,231
1242,231
466,231
2021,230
2078,230
1215,230
44195,230
786,230
3552,227
4223,226
1285,226
1262,226
3703,226
2105,225
62,225
2539,225
266,224
1345,223
6218,223
802,223
41569,223
435,223
91500,221
2124,220
7451,220
4638,219
2694,219
81591,219
910,218
1907,217
5903,217
46976,216
48,216
8641,215
1921,214
30812,214
1204,214
2076,214
4239,214
8950,214
596,213
8949,213
112852,213
8957,212
2953,212
64957,212
1129,210
1747,210
69844,210
1276,209
3252,209
3275,209
3082,208
509,208
913,208
81845,208
106782,208
17,207
1293,207
3624,207
1372,206
68237,206
1343,205
44665,205
1371,204
673,204
30825,204
40819,203
3911,203
1022,202
78499,202
1918,201
3210,201
543,201
3108,201
3301,201
1029,200
3300,200
1060,199
57669,199
471,199
5630,199
30810,198
553,198
708,198
88125,198
54272,197
6936,197
59784,196
31685,196
497,196
172,195
6947,195
333,195
76251,195
96610,194
55247,194
47099,194
36529,193
158,193
8783,193
350,192
134130,192
2541,191
109374,191
122882,191
1663,191
1347,191
160,191
4321,191
1274,190
2160,190
785,190
552,189
3006,189
2335,189
2248,189
3510,188
1805,188
31658,188
2018,188
31696,188
1027,187
3617,187
1287,187
98809,187
441,187
3698,186
52722,186
1590,186
6281,185
8970,184
969,184
355,184
3967,184
4344,184
34319,183
1120,183
69757,183
899,183
6708,183
2968,183
2140,183
38061,182
1405,182
420,182
44199,182
902,182
2949,182
3101,180
96079,180
122886,180
2490,180
1587,180
1249,180
37729,180
111759,180
3020,178
2871,178
59615,178
2746,178
39183,177
3174,177
3988,177
2724,177
3105,177
3386,177
3107,177
4701,177
4361,177
2232,177
87232,177
5673,177
61132,177
84152,176
52973,175
5444,174
1172,174
3362,174
5872,174
3409,174
3809,174
805,172
1271,172
116797,172
1962,172
3869,171
45517,171
88129,170
7445,170
4446,170
1261,170
432,170
198,170
60074,169
2951,169
86332,169
6157,169
6534,169
1321,168
2403,168
29,168
79702,167
41997,167
85414,167
1350,167
2109,167
4016,167
2393,167
46723,166
1479,166
1912,166
2431,166
2770,166
1272,165
55765,165
91542,165
1947,165
968,165
3363,165
455,164
2378,164
3740,164
1047,164
2096,164
53322,163
8917,163
6541,163
783,162
2605,162
3,162
122904,162
6323,162
112556,162
3798,161
2421,161
661,161
741,161
44555,161
1267,161
1717,161
33615,161
529,161
585,160
4890,160
6287,159
63113,159
46972,159
5254,158
2722,158
1020,158
6754,158
5064,158
2405,158
54997,158
1231,158
2313,157
168,157
1779,157
5507,157
1042,157
3697,157
3704,157
1982,156
372,156
34150,156
57368,156
3827,156
431,155
3005,155
6953,155
7,155
4019,155
97921,155
4128,155
1952,155
91658,155
256,155
3257,155
22,155
2410,154
45186,154
2908,154
1513,154
2723,154
4901,154
102125,154
1385,153
88140,153
2289,153
3450,153
3285,152
170,152
3087,152
54259,151
56757,151
106487,151
2108,151
64839,151
37733,151
97304,151
3361,151
1235,150
5945,150
2145,150
102445,150
2134,150
247,150
1960,149
94864,149
5013,149
134853,149
3168,148
2948,148
112,148
3148,148
1245,148
2478,148
72011,148
4015,148
2423,148
2064,147
106920,147
8533,147
1586,147
1093,147
3969,146
82459,146
2340,146
265,145
2501,145
2826,145
724,145
38038,145
2411,145
7022,144
2094,144
3273,144
5,144
3396,144
45,143
616,143
5015,143
119145,143
5528,143
2402,143
3354,142
2687,142
3555,142
111362,141
2944,141
2352,141
1438,141
6565,141
112552,140
81562,140
236,140
2872,140
7360,140
94959,139
106489,139
1299,139
139385,139
1244,138
24,138
7325,138
4881,138
3681,138
475,138
61024,137
3825,137
3504,136
1077,136
2991,136
88744,136
1357,136
97938,136
4388,136
2467,136
1223,136
3608,135
6957,135
4489,135
4023,135
89492,134
4105,134
1186,134
112183,134
3034,134
2881,133
246,133
8981,133
91630,133
110102,133
7004,133
3438,133
2004,132
68319,132
2600,132
8371,132
282,132
345,132
81847,131
31,131
2020,131
4235,131
1269,130
6503,130
4448,130
40629,130
2137,129
8810,129
93510,129
44022,129
8958,129
2471,129
46530,129
3186,129
45672,129
73321,128
5171,128
7160,128
2739,128
186,128
3638,128
3424,128
866,128
303,127
8983,127
3686,127
5225,127
4232,126
60072,126
1680,126
1025,126
31410,126
2010,126
115569,125
3156,125
319,125
1188,125
52281,125
1209,124
1409,124
2300,124
66097,124
64969,124
379,123
4728,123
1635,123
48304,123
60040,123
106100,122
7347,122
102903,122
97913,122
3745,122
87306,122
922,122
4161,122
58,121
48043,121
2728,121
122892,121
31878,121
4007,121
1965,121
2505,120
799,120
225,120
3882,120
56775,120
2133,120
7444,120
115617,120
3198,120
6383,120
515,120
1292,120
252,119
1588,119
610,119
954,119
37741,119
2527,119
224,119
916,119
41285,119
67255,119
5620,118
93840,118
53519,118
5463,118
4069,118
86882,118
2082,118
55118,117
838,117
1103,117
1284,117
800,117
106696,117
4084,116
2125,116
531,116
1894,116
63992,116
3968,116
1283,116
1476,116
1589,116
3635,116
193,116
909,116
101864,116
3683,115
2243,115
1958,115
1388,115
55269,115
8807,115
55290,114
3639,114
8865,114
3328,114
3730,114
52,114
2989,114
18,114
327,114
40278,114
90405,114
95441,114
2413,114
8910,113
2792,113
2297,113
128360,113
116823,113
2053,113
1135,113
374,113
2528,113
80549,113
1835,113
2485,113
1619,113
1185,112
7323,112
898,112
671,112
40583,112
4700,112
1693,112
1687,112
27904,112
2808,112
1945,112
3435,112
57640,112
1711,111
3258,111
1227,111
108932,111
4326,111
58025,111
3699,111
4545,111
7318,111
5617,111
72378,111
95510,110
3735,110
2186,110
1217,110
81229,110
82461,110
1834,110
2046,110
27831,110
81564,110
80489,110
315,110
6548,110
5944,110
53121,110
2139,109
4499,109
5449,109
2688,109
3893,109
4351,109
428,109
88810,108
55276,108
1296,108
5785,108
87869,108
1125,108
36517,108
3060,107
46970,107
103042,107
56587,107
2993,107
928,107
5014,107
3100,107
47200,107
261,106
3146,106
720,106
117529,106
5400,106
3298,106
4558,106
34072,106
1974,105
1297,105
348,105
3246,105
61240,105
88163,105
1892,105
3173,105
2794,105
3534,105
34437,105
2338,105
94777,104
1254,104
4327,104
562,104
2067,104
1256,104
54995,104
2450,104
148626,104
2840,104
1049,104
3098,104
6564,104
2369,104
1614,104
5992,104
2253,104
1359,103
105844,103
1019,103
6888,103
273,103
106916,103
3979,103
69,103
2009,103
45950,102
47997,102
2311,102
6156,102
8914,102
27660,102
2990,101
101,101
122900,101
6440,101
27808,101
2301,101
5152,101
4467,101
86911,101
118696,101
3044,101
2664,101
89864,100
122920,100
6659,100
2141,100
413,100
1883,100
68791,100
2245,100
6297,99
2059,99
95167,99
1342,99
4823,99
1464,99
162,99
307,99
1616,99
836,99
8861,99
105504,99
4008,99
3360,98
1041,98
5103,98
64716,98
2422,98
1248,98
915,98
56145,98
1754,98
32031,98
1031,97
546,97
2359,97
3980,97
2379,97
104879,97
2863,97
5782,97
933,97
5690,97
3593,97
6620,97
106072,97
5308,97
1665,96
52245,96
3654,96
7162,96
53953,96
2088,96
3462,96
3551,96
2013,96
3267,96
481,95
2841,95
3452,95
5291,95
2496,95
2463,95
272,95
2143,95
6059,95
2686,94
102407,94
33162,94
382,94
7149,94
930,94
1515,94
2118,94
1348,94
1959,94
1281,94
3037,94
8638,94
2672,93
3468,93
4623,93
3088,93
37386,93
8985,93
1920,93
911,93
2819,93
2384,93
2973,93
830,93
45431,93
230,92
2375,92
36401,92
3763,92
4639,92
60126,92
1124,92
5313,92
90866,92
6586,92
2404,91
714,91
79695,91
2598,91
6003,91
2857,91
1260,91
79592,91
1277,91
362,91
3441,91
4033,91
2065,91
4887,90
1603,90
42738,90
7346,90
3159,90
96737,90
2917,90
5878,90
3271,90
8781,90
2114,90
748,90
5065,90
2567,90
4121,89
1459,89
33646,89
6385,89
1243,89
55052,89
142488,89
4054,89
3083,89
3981,89
56171,89
1237,88
60756,88
56788,88
468,88
1301,88
743,88
2720,88
1030,88
3178,88
6664,87
58295,87
53464,87
3646,87
2805,87
103341,87
63131,87
88,87
905,87
139644,87
926,87
1885,86
1810,86
3243,86
84392,86
4992,86
97306,86
2146,86
26662,86
7387,86
1268,86
3095,85
106918,85
3844,85
2912,85
1379,85
3791,85
6944,85
514,85
104913,85
67197,85
2719,85
2713,85
65,84
2950,84
79293,84
48997,84
361,84
1224,84
66934,84
965,84
6296,84
6595,84
2533,83
1970,83
4873,83
1950,83
3978,83
6867,83
3591,83
86833,83
175,83
3821,83
1431,83
1678,83
2468,83
4366,82
2269,82
112138,82
533,82
232,82
4103,82
69406,82
6879,82
1344,82
107,82
59900,82
1211,82
8965,82
1126,82
2459,82
147,82
106002,81
63072,81
55995,81
2333,81
3508,81
2083,81
99112,81
6550,81
3019,81
519,81
2966,81
3249,81
1015,81
2433,80
76077,80
84944,80
84772,80
2702,80
103335,80
2122,80
507,80
8366,80
115210,80
8969,80
237,80
996,80
3668,80
5791,80
1488,80
6873,80
89774,80
27611,80
20,80
3917,80
502,80
91535,80
3203,79
535,79
7371,79
2565,79
112290,79
68554,79
23,79
538,79
1078,79
194,79
2447,79
114662,79
1769,79
3676,79
71264,78
95875,78
2380,78
4238,78
91077,78
2517,78
1707,78
48082,78
4029,78
3016,78
7158,78
104374,78
2072,78
6618,77
1457,77
7439,77
8340,77
491,77
53993,77
8623,77
78469,77
5293,77
3999,77
6753,77
103141,76
2648,76
40732,76
89,76
97923,76
2454,76
67734,76
5943,76
144,76
2731,76
6662,76
308,76
71156,76
143385,76
1518,76
5294,76
5419,76
60950,75
2530,75
4247,75
44974,75
3248,75
112175,75
1354,75
3861,75
114180,75
52458,75
1753,75
1381,75
3068,75
3307,74
86190,74
6952,74
3483,74
71838,74
3543,74
1461,74
4144,74
117176,74
951,74
2183,74
92420,74
1422,74
71530,74
98961,73
63859,73
3633,73
45081,73
955,73
62849,73
707,73
57528,73
3524,73
67923,73
6058,73
55363,73
87520,73
1694,73
119141,73
393,73
46335,72
5693,72
4903,72
42723,72
71057,72
3155,72
540,72
102123,72
2132,72
1081,72
3959,72
135133,72
2138,72
2734,72
1303,72
8947,72
63062,72
96588,72
52604,72
423,72
4677,72
71464,72
5957,71
3316,71
51086,71
140174,71
338,71
1991,71
45501,71
2730,71
2919,71
4280,71
4994,71
3444,71
164,71
322,71
54999,71
44761,71
2389,71
1021,71
7569,71
6242,71
3513,70
111659,70
72407,70
4333,70
1251,70
5283,70
4673,70
2976,70
1194,70
1772,70
2034,70
50068,70
1290,70
1096,70
104211,70
1327,70
5265,69
136020,69
56339,69
249,69
2367,69
69644,69
5577,69
114935,69
4844,69
2594,69
2827,69
3388,69
4378,69
54190,69
2867,69
4487,68
1833,68
4744,68
3260,68
8228,68
80219,68
1969,68
65261,68
1627,68
135,68
33836,68
1726,68
47629,68
2926,68
4519,67
3545,67
3701,67
2995,67
3498,67
2089,67
1429,67
7156,67
1916,67
999,67
7285,67
3359,67
3503,66
69640,66
1845,66
56949,66
78105,66
280,66
68793,66
6264,66
6213,66
4006,66
152077,66
48877,66
3196,66
1023,66
64575,66
6535,66
64620,66
2121,66
3983,66
64983,66
2779,65
2060,65
1012,65
1218,65
2312,65
5900,65
1279,65
464,65
5452,65
2382,65
737,65
60397,65
934,65
103772,65
55442,65
14,65
1701,65
3993,65
26776,64
239,64
1735,64
6764,64
86,64
89753,64
51412,64
1888,64
542,64
26614,64
6774,64
8373,64
3053,64
1147,64
818,64
90746,64
77866,64
5608,63
6250,63
50601,63
2123,63
74545,63
3358,63
53894,63
79,63
2729,63
207,63
3208,63
62374,63
1425,63
8666,63
366,63
91485,63
314,63
3688,63
3685,62
87222,62
47518,62
3972,62
2110,62
3262,62
3265,62
4642,62
412,62
3614,62
1689,62
122,62
58293,62
1927,62
44694,62
5446,62
3062,62
90249,62
89904,61
1914,61
4291,61
64497,61
71899,61
111781,61
3484,61
7367,61
3952,61
257,61
53129,61
5364,61
4210,61
2644,61
1173,61
71033,61
112171,61
2747,61
120466,60
86644,60
2383,60
2320,60
950,60
81,60
2622,60
138036,60
125,60
276,60
534,60
49649,60
133771,60
6552,60
8531,60
5784,60
38886,60
3071,60
45666,60
8966,60
1944,59
104241,59
381,59
879,59
550,59
1752,59
2111,59
7161,59
7256,59
85510,59
45726,59
5066,59
2432,59
2802,59
71379,59
4880,59
3451,59
56801,58
64622,58
4386,58
27788,58
8370,58
1799,58
1334,58
120799,58
227,58
373,58
5970,58
2558,58
4102,58
3615,58
5812,58
6104,58
65682,58
5055,58
1009,58
55282,58
69784,58
3841,58
2718,58
34542,58
55814,58
4040,58
2414,58
7007,57
32029,57
84601,57
89804,57
4234,57
32596,57
7076,57
1389,57
5420,57
3512,57
5128,57
3018,57
2408,57
64034,57
35957,57
55830,57
663,57
4866,57
52975,57
65130,57
59387,57
2531,57
1305,57
2282,57
4005,57
157296,57
7263,57
45668,56
96811,56
6765,56
110730,56
30816,56
6880,56
662,56
2247,56
1232,56
1594,56
1273,56
262,56
3152,56
5882,56
71135,56
78772,56
761,56
3629,56
290,56
2322,56
6893,56
94,56
2120,56
2532,56
7324,56
3397,56
3812,55
2015,55
3525,55
2262,55
7139,55
27721,55
358,55
88405,55
3469,55
548,55
1300,55
2135,55
489,55
30822,55
448,55
482,55
6006,55
2793,55
4149,55
4889,55
6615,54
4037,54
7386,54
4406,54
4754,54
68135,54
3987,54
4010,54
65514,54
5108,54
4876,54
48783,54
2373,54
55768,54
3204,54
1727,54
58047,53
135536,53
70336,53
8860,53
62999,53
34534,53
2296,53
37380,53
5747,53
195,53
79057,53
1395,53
103688,53
3219,53
2162,53
7013,53
55267,53
110553,53
96861,53
6482,53
81782,53
83349,53
305,52
123,52
140110,52
3067,52
4062,52
3201,52
107348,52
3461,52
839,52
44972,52
3032,52
73,52
5312,52
50794,52
3836,52
1537,52
4814,52
5621,52
111921,52
3677,52
415,52
5267,52
289,52
2372,52
6857,52
5009,52
2518,52
157,52
477,52
5047,52
1951,52
2875,51
3035,51
5292,51
378,51
2668,51
76175,51
932,51
5040,51
2346,51
8633,51
4,51
3022,51
1346,51
2390,51
2901,51
27803,51
2690,51
8372,51
161582,51
102194,51
4678,51
688,51
678,51
2726,51
6305,51
60037,51
7570,51
3871,51
2136,51
1866,51
1971,51
60766,51
7981,51
3268,50
3296,50
2677,50
407,50
99149,50
5147,50
2476,50
5222,50
5008,50
2796,50
136864,50
103810,50
4902,50
6932,50
3675,50
33437,50
55805,50
46948,50
53956,50
2363,50
39435,50
2208,50
8973,50
66203,50
1541,50
42,50
1255,49
2360,49
4544,49
2303,49
5139,49
2252,49
7701,49
87485,49
3440,49
942,49
5309,49
122924,49
72733,49
4052,49
86298,49
6367,49
2952,49
36525,49
2551,49
1132,49
32019,49
40339,49
137857,49
3684,49
80906,49
48322,49
1963,49
7460,49
1005,49
417,49
37830,49
952,49
134368,49
6001,49
1128,49
81788,49
1983,48
1286,48
32296,48
99007,48
5296,48
4255,48
56941,48
101525,48
4396,48
3723,48
2524,48
42004,48
15,48
37731,48
2560,48
188,48
94478,48
234,48
115122,48
429,48
2810,48
5380,48
43928,48
229,47
7001,47
3546,47
74795,47
2497,47
31225,47
1099,47
121231,47
59725,47
4967,47
130634,47
46,47
154,47
544,47
90439,47
78637,47
4047,47
1542,47
86898,47
1633,47
5853,47
2932,47
2924,47
73323,46
2889,46
5942,46
5540,46
3342,46
96728,46
5572,46
5876,46
2877,46
5650,46
71254,46
54648,46
2014,46
6166,46
53550,46
56156,46
2606,46
7027,46
2249,46
6380,46
233,46
861,46
71745,46
829,46
30803,46
2203,46
3997,46
103980,46
57504,46
169,46
4978,46
49396,46
742,46
3742,46
79134,46
2315,46
97,46
3814,46
94780,46
7481,46
7164,45
427,45
4228,45
5027,45
2106,45
27728,45
8937,45
43560,45
7766,45
57274,45
1840,45
3760,45
2159,45
7842,45
4372,45
949,45
48696,45
6724,45
74,45
6951,45
2236,45
69306,45
6238,45
7123,45
2859,45
2860,45
7366,45
8866,45
63,45
5504,45
4133,45
5524,45
2504,45
47999,45
8880,45
1003,45
3819,44
33164,44
44397,44
62155,44
7419,44
45880,44
5016,44
3918,44
85056,44
3384,44
109578,44
79224,44
5120,44
177,44
2456,44
71520,44
66509,44
1004,44
82202,44
52952,44
281,44
4465,44
332,44
3707,44
72395,44
52287,44
848,44
4225,44
3054,44
159093,44
3185,44
2033,43
176,43
52435,43
2922,43
1973,43
2693,43
59126,43
31420,43
78039,43
32017,43
3197,43
5478,43
42734,43
5508,43
1366,43
4091,43
34332,43
70159,43
640,43
2348,43
3004,43
68159,43
36535,43
3521,43
2941,43
2883,43
8169,43
150548,43
2202,43
6617,43
6966,43
4508,43
3387,43
2579,43
82167,43
4914,43
5666,43
7247,43
611,43
810,43
113345,43
1913,43
4546,42
98491,42
7669,42
1216,42
93721,42
7116,42
62376,42
91104,42
112515,42
7063,42
2392,42
1658,42
116897,42
57,42
92507,42
6890,42
102481,42
47044,42
130490,42
4616,42
3134,42
3712,42
105213,42
3693,42
2092,42
90376,42
947,42
2815,42
73268,42
2806,42
446,42
4572,42
7155,42
101142,42
2789,42
2328,42
2130,42
4155,42
8808,42
3786,42
3682,42
3189,42
8154,42
132,42
58303,42
45730,42
1972,42
1949,42
473,42
53318,41
43679,41
5220,41
833,41
1975,41
79428,41
44004,41
27815,41
53460,41
2429,41
95309,41
181,41
6266,41
2583,41
70183,41
1432,41
27317,41
74530,41
36276,41
101112,41
42632,41
94018,41
2549,41
55721,41
85788,41
3852,41
6538,41
1474,41
4254,41
6707,41
85,41
7000,41
948,41
7362,41
3566,41
80363,41
6975,41
2178,41
115170,40
6639,40
6212,40
27266,40
44193,40
518,40
107069,40
51080,40
801,40
129354,40
73344,40
39715,40
5072,40
132046,40
6645,40
1939,40
61729,40
2772,40
56251,40
174,40
33154,40
113741,40
33669,40
5833,39
55872,39
85131,39
6663,39
7265,39
100714,39
13,39
5544,39
886,39
26729,39
109673,39
75985,39
7980,39
80126,39
3272,39
2036,39
3169,39
804,39
5319,39
2068,39
33880,39
6731,39
2633,39
2771,39
6338,39
55577,39
1858,39
2148,39
26131,39
2732,39
106766,39
2676,39
91974,39
3831,39
2736,39
90531,39
43836,39
4951,39
27592,39
479,39
4654,38
47640,38
8870,38
842,38
2287,38
1821,38
37382,38
2891,38
2212,38
8614,38
1797,38
4533,38
3135,38
80693,38
3102,38
32598,38
3528,38
27790,38
360,38
6996,38
1966,38
3564,38
84374,38
3554,38
2195,38
521,38
63853,38
1401,38
3074,38
6881,38
1446,38
33171,38
6379,38
27,38
1503,38
906,38
4211,38
105197,38
433,38
3129,38
1592,38
56805,38
4215,38
86345,38
891,38
918,37
1390,37
102993,37
95543,37
4757,37
1848,37
40851,37
1836,37
3200,37
581,37
47423,37
117895,37
1176,37
5159,37
4443,37
3802,37
86347,37
6959,37
62394,37
6062,37
2240,37
72731,37
7036,37
437,37
2169,37
3494,37
2709,37
7925,37
87192,37
2829,37
7573,37
2097,37
2102,37
64030,37
34336,37
3824,37
31427,37
1683,37
100163,37
259,37
40581,37
88235,37
3953,37
107141,37
146656,37
33834,37
89118,37
140267,36
725,36
80831,36
96281,36
46322,36
3177,36
4248,36
6370,36
2500,36
34323,36
71518,36
3877,36
1992,36
4990,36
4090,36
45442,36
3179,36
110127,36
4159,36
4349,36
275,36
102880,36
41863,36
3733,36
4787,36
96488,36
4809,36
6669,36
31804,36
2843,36
96110,36
7802,36
86781,36
4899,36
7045,36
25771,36
71,36
7018,36
4158,35
3091,35
6887,35
27839,35
946,35
59421,35
5105,35
6820,35
3950,35
5107,35
3925,35
116161,35
7235,35
569,35
4661,35
109848,35
117590,35
8596,35
4587,35
4799,35
93,35
556,35
4821,35
92535,35
68205,35
3754,35
2458,35
1202,35
122890,35
3181,35
3973,35
3163,35
74685,35
26133,35
80969,35
26242,35
7381,35
7376,35
4954,35
2099,35
4104,35
85367,35
1011,35
3430,35
6291,35
2799,35
1667,35
119155,35
2970,35
85774,35
111443,35
4275,35
6591,35
5323,35
113573,34
2344,34
78893,34
1783,34
71282,34
4086,34
6290,34
1981,34
2561,34
5316,34
73290,34
1382,34
4480,34
47382,34
1762,34
1498,34
26555,34
53207,34
2266,34
2787,34
4662,34
3394,34
4719,34
4725,34
41573,34
2188,34
67267,34
94070,34
135436,34
1161,34
2357,34
2929,34
1686,34
627,34
4329,34
6810,34
7017,34
1979,34
3270,34
4526,33
1177,33
665,33
93831,33
6301,33
504,33
1014,33
4153,33
51091,33
7698,33
5410,33
7934,33
8916,33
8387,33
1353,33
3784,33
2071,33
6184,33
6197,33
2866,33
8507,33
2354,33
8908,33
111743,33
4124,33
3700,33
1264,33
43921,33
43,33
4477,33
6624,33
7034,33
54256,33
2181,33
3930,33
58156,33
27837,33
1976,33
511,33
4356,33
3873,33
3908,33
102033,33
4478,33
112897,33
6763,33
2553,33
3130,33
65088,33
1809,32
445,32
1082,32
5553,32
59103,32
58105,32
42007,32
711,32
91653,32
96691,32
2377,32
8526,32
134170,32
45928,32
3404,32
87,32
2902,32
92,32
52241,32
134393,32
4564,32
30820,32
2184,32
512,32
77800,32
2905,32
4380,32
40826,32
3480,32
1931,32
5094,32
2596,32
5480,32
691,32
3598,32
4231,32
98243,32
4492,32
118900,32
3594,32
505,32
2261,32
48414,32
3324,32
3326,32
85342,32
79008,32
8974,32
1554,32
2852,32
5106,32
50442,32
42418,32
8968,32
2495,32
4207,32
96432,32
436,32
3426,32
299,32
116977,31
52694,31
3550,31
60161,31
606,31
4531,31
54372,31
54281,31
62956,31
117533,31
656,31
710,31
101895,31
56176,31
125916,31
3063,31
3153,31
44788,31
1985,31
103883,31
5269,31
1150,31
69436,31
2568,31
346,31
943,31
7102,31
46967,31
91978,31
5021,31
140247,31
8607,31
1996,31
506,31
5385,31
2066,31
34520,31
6286,31
6299,31
2862,31
5955,31
5899,31
70728,31
34143,31
127152,31
74851,31
6322,31
74946,31
5522,31
75805,31
3145,31
191,31
3190,31
78088,31
4703,31
6777,31
8814,31
4733,31
93805,31
6800,31
4846,31
3251,31
3061,30
93443,30
3051,30
111622,30
82852,30
108928,30
1977,30
160080,30
8951,30
1187,30
3955,30
49772,30
1083,30
91126,30
2660,30
938,30
33903,30
4557,30
45028,30
108727,30
3308,30
59016,30
416,30
3015,30
2548,30
5325,30
851,30
1734,30
2070,30
2587,30
609,30
3729,30
700,30
4911,30
60760,30
1016,30
95207,30
3549,30
1623,30
2696,30
7072,30
2361,30
1419,30
2399,30
6974,30
5389,30
4061,30
3075,30
1946,30
4383,30
27822,30
55999,30
613,30
71668,30
3093,30
106491,29
421,29
61160,29
2906,29
61350,29
104283,29
5489,29
71462,29
3470,29
66198,29
3576,29
135567,29
120635,29
3097,29
110882,29
100498,29
1948,29
3727,29
135137,29
5214,29
2385,29
8477,29
2574,29
99728,29
3865,29
122902,29
4464,29
3519,29
3422,29
2691,29
47122,29
27772,28
7008,28
26680,28
330,28
73929,28
100390,28
6794,28
1018,28
110586,28
2166,28
1468,28
1236,28
86504,28
30894,28
27838,28
422,28
85881,28
136018,28
1646,28
65585,28
1998,28
87234,28
48520,28
5127,28
52579,28
522,28
99145,28
945,28
5102,28
63479,28
126,28
46974,28
3347,28
78266,28
149352,28
4541,28
103655,28
8827,28
50804,28
67788,28
3238,28
881,28
93326,28
4614,28
4748,28
4624,28
901,28
4732,28
565,28
95558,28
3090,28
5363,28
74324,28
5506,28
7982,28
8019,28
1699,28
7560,28
2519,28
179,28
5582,28
108188,28
8337,28
2442,28
36527,28
74228,28
3420,28
45062,28
4267,28
3412,28
1453,28
2520,27
83132,27
7706,27
62644,27
3915,27
149406,27
77364,27
2370,27
8643,27
79553,27
2615,27
8542,27
8530,27
73266,27
892,27
5329,27
1605,27
6013,27
54771,27
3467,27
88812,27
3142,27
89087,27
3125,27
2925,27
2936,27
2940,27
42718,27
4450,27
55069,27
44204,27
4251,27
91128,27
114795,27
4292,27
46062,27
3399,27
37853,27
47491,27
112804,27
2206,27
2170,27
6721,27
6636,27
58347,27
72294,27
52319,27
4000,27
48593,27
131724,27
4912,27
115680,27
113348,27
56921,27
3327,27
1465,27
1440,27
1050,27
50798,26
8610,26
5092,26
91842,26
5074,26
5039,26
118,26
49932,26
3709,26
8581,26
5438,26
4304,26
6078,26
6862,26
6643,26
85022,26
6566,26
205,26
6461,26
7255,26
34271,26
4068,26
34334,26
87876,26
99117,26
40148,26
5712,26
61352,26
9018,26
96417,26
7023,26
5339,26
3773,26
90888,26
4298,26
61,26
1526,26
1066,26
2077,26
103539,26
105355,26
105593,26
2514,26
3557,26
2043,26
944,26
1024,26
1827,26
1986,26
101088,26
1655,26
1984,26
2511,26
2491,26
2430,26
1399,26
3538,26
3182,26
1993,26
2351,26
1609,26
1978,25
7757,25
2654,25
7700,25
42002,25
5053,25
106441,25
53974,25
528,25
141866,25
4021,25
33499,25
6989,25
1816,25
44840,25
5564,25
90345,25
1999,25
43917,25
26152,25
2935,25
104272,25
26150,25
2748,25
7234,25
3835,25
3500,25
7028,25
5387,25
90719,25
141688,25
4031,25
5893,25
7375,25
159858,25
2943,25
31184,25
71108,25
105731,25
1414,25
3947,25
6436,25
4577,25
57951,25
4563,25
110501,25
3392,25
2752,25
1330,25
60487,25
27156,25
8492,25
4483,25
1648,25
3937,25
2095,25
3364,25
55444,25
6650,25
1497,25
58301,25
55272,25
69278,25
7845,25
93563,25
3194,25
2682,25
3889,25
6183,25
6790,25
7075,24
75341,24
85412,24
6216,24
6797,24
98056,24
5969,24
7048,24
85438,24
5707,24
1043,24
365,24
3548,24
104457,24
2816,24
3840,24
2611,24
6448,24
61123,24
104944,24
33158,24
3516,24
6852,24
4410,24
34153,24
55245,24
3045,24
4218,24
5034,24
2498,24
136562,24
101285,24
2967,24
4915,24
7827,24
93270,24
93272,24
72,24
2050,24
42015,24
4723,24
55261,24
55274,24
4317,24
8225,24
95720,24
766,24
8253,24
56333,24
3330,24
132796,24
4432,24
8800,24
7215,24
91094,24
1841,24
7369,24
343,24
103984,24
81784,24
5391,24
59118,24
7316,24
7236,24
1606,23
93766,23
680,23
4077,23
95858,23
105468,23
160271,23
1604,23
50514,23
4082,23
47465,23
2280,23
86548,23
4135,23
27193,23
73319,23
59141,23
27674,23
4502,23
54,23
718,23
5613,23
897,23
50189,23
4296,23
32291,23
26326,23
27727,23
456,23
49647,23
5873,23
692,23
5004,23
51925,23
102,23
51834,23
49910,23
4945,23
635,23
4407,23
130576,23
117444,23
54276,23
3415,23
3225,23
5414,23
4741,23
130073,23
6235,23
110591,23
3529,23
107771,23
127098,23
127202,23
7040,23
39414,23
2016,23
7991,23
2040,23
77307,23
7587,23
84637,23
62113,23
80839,23
118997,23
71205,23
33683,23
1046,23
7121,23
78316,23
274,23
69604,23
2437,23
7064,23
44828,23
1306,22
1454,22
199,22
32460,22
4067,22
8033,22
5792,22
71106,22
2460,22
2899,22
93855,22
115231,22
6970,22
3726,22
5568,22
5628,22
3028,22
4219,22
82,22
523,22
4200,22
1794,22
4224,22
31923,22
3078,22
156,22
4187,22
3008,22
4795,22
58315,22
2546,22
92509,22
2555,22
3794,22
929,22
81819,22
4116,22
487,22
31694,22
369,22
469,22
5054,22
6027,22
112940,22
425,22
2084,22
97836,22
6786,22
424,22
45662,22
3961,22
86142,22
3992,22
72701,22
1942,22
6428,22
78218,22
8491,22
33639,22
4444,22
4397,22
4424,22
6533,22
85025,22
4221,21
7820,21
7836,21
7841,21
4126,21
62336,21
80860,21
5501,21
1051,21
6337,21
95449,21
8,21
5525,21
72605,21
3728,21
5046,21
33145,21
47810,21
3669,21
2165,21
80551,21
3099,21
6695,21
56885,21
2386,21
4970,21
1940,21
166,21
90890,21
325,21
96606,21
5324,21
1804,21
42730,21
4095,21
69849,21
2331,21
97866,21
973,21
6484,21
2983,21
155,21
8362,21
6063,21
31437,21
3501,21
4305,21
8131,21
88785,21
102684,21
2898,21
5867,21
2364,21
4552,21
2888,21
160954,21
88179,21
27912,21
3287,21
3511,21
1626,21
1987,21
94266,21
4618,21
2639,21
160563,21
59727,21
6902,21
8254,21
7026,21
2575,21
3724,21
3822,21
5649,21
3895,21
80166,21
2239,21
6170,21
3497,21
55253,21
2271,21
1581,21
352,21
135518,21
47894,21
4775,21
4636,20
94896,20
99912,20
1757,20
3653,20
603,20
127096,20
4628,20
58297,20
1113,20
5033,20
4339,20
26840,20
132480,20
109187,20
4826,20
2182,20
37240,20
65188,20
2265,20
57532,20
2272,20
2275,20
40412,20
4537,20
4493,20
2451,20
1484,20
79879,20
62344,20
278,20
4932,20
4357,20
127108,20
3325,20
27899,20
72479,20
2205,20
156609,20
2882,20
141749,20
3858,20
3857,20
458,20
2624,20
30,20
7005,20
88356,20
7016,20
2900,20
27700,20
5772,20
7060,20
2920,20
27834,20
5651,20
106438,20
104925,20
6811,20
1919,20
390,20
3571,20
6658,20
240,20
6424,20
111384,20
60753,20
1582,20
1404,20
33672,20
828,20
6783,20
47950,20
32898,20
158783,20
68659,20
5632,20
109850,20
5250,20
5096,20
103624,20
2180,20
313,20
5477,20
5255,20
2173,20
1352,20
61705,20
340,20
5475,20
26471,20
69606,20
74624,20
4212,20
3011,20
104069,20
1755,19
5527,19
6060,19
87298,19
6014,19
1660,19
444,19
49013,19
4568,19
1355,19
68932,19
6219,19
2347,19
6561,19
106062,19
3115,19
1192,19
114707,19
941,19
7450,19
71248,19
3350,19
3341,19
52644,19
7448,19
536,19
2310,19
8268,19
2069,19
8266,19
7178,19
50005,19
1875,19
83086,19
5680,19
5667,19
5483,19
4736,19
69524,19
104074,19
139855,19
1731,19
103048,19
7104,19
149,19
89840,19
5569,19
1085,19
102720,19
5051,19
2903,19
3299,19
51939,19
49280,19
40870,19
5940,19
5938,19
5334,19
6999,19
3286,19
2554,19
32289,19
1460,19
8197,19
7193,19
68269,19
1935,19
50851,19
72405,19
4276,19
27722,19
3385,19
4079,19
4123,19
3957,19
58975,19
3457,19
3906,19
4178,19
3379,19
3436,19
4263,19
1600,19
1629,19
99813,19
57910,19
3710,19
95873,19
95761,18
1837,18
51471,18
2988,18
888,18
5428,18
2171,18
103137,18
1855,18
667,18
5686,18
5691,18
50064,18
4055,18
89030,18
65982,18
460,18
5379,18
51884,18
92681,18
4203,18
1445,18
4885,18
4784,18
1442,18
4989,18
907,18
3117,18
67193,18
140523,18
4682,18
26386,18
5288,18
27523,18
4709,18
65126,18
5304,18
650,18
67508,18
3990,18
1887,18
449,18
2535,18
6977,18
3846,18
82854,18
30846,18
7142,18
144976,18
8836,18
77427,18
81641,18
747,18
81417,18
7320,18
6958,18
1365,18
326,18
155064,18
27869,18
7478,18
7614,18
7728,18
3736,18
38304,18
8183,18
78836,18
2634,18
116799,18
5994,18
97860,18
4591,18
6012,18
141890,18
27741,18
103,18
6163,18
6185,18
2844,18
68848,18
3553,18
6308,18
6332,18
6909,18
2327,18
33495,18
97936,18
3569,18
3929,18
46865,18
6584,18
30898,18
3901,18
3581,18
255,18
1661,18
8591,18
4529,18
4520,18
56286,18
126548,17
50160,17
66798,17
136598,17
3926,17
7926,17
96832,17
302,17
4063,17
73211,17
77846,17
5752,17
668,17
5637,17
5633,17
483,17
3487,17
118985,17
1941,17
4969,17
72171,17
6686,17
70305,17
5570,17
4976,17
104337,17
6743,17
3475,17
4688,17
6776,17
5801,17
4738,17
36509,17
4743,17
7572,17
4381,17
95201,17
271,17
63808,17
4803,17
54785,17
31035,17
2851,17
2807,17
6005,17
187,17
2255,17
2874,17
998,17
2790,17
26974,17
2782,17
116887,17
3339,17
2769,17
27873,17
4495,17
56169,17
5927,17
3769,17
117851,17
7840,17
6466,17
6779,17
101577,17
144620,17
95654,17
2017,17
118702,17
6963,17
1550,17
138208,17
4191,17
2629,17
152079,17
74154,17
4602,17
2563,17
4605,17
136449,17
1670,17
51937,17
149354,17
4337,17
91890,17
67295,17
90522,17
96616,17
78467,17
5002,17
5460,17
4565,17
8261,17
26870,17
6818,17
1397,17
3660,17
4585,17
3038,17
112818,17
5237,17
619,17
2661,17
3584,17
53468,17
8833,17
3872,17
510,17
513,16
7782,16
5226,16
74370,16
7792,16
840,16
25940,16
3055,16
74868,16
2177,16
4012,16
3077,16
2285,16
54780,16
4195,16
48560,16
25827,16
4834,16
135532,16
88932,16
74450,16
26528,16
79796,16
5523,16
55,16
4229,16
104218,16
5556,16
5433,16
4971,16
4141,16
3141,16
4957,16
4142,16
5404,16
39869,16
4947,16
2045,16
1746,16
72129,16
4929,16
4928,16
4151,16
53435,16
927,16
7177,16
5841,16
1881,16
4168,16
461,16
2113,16
4888,16
113,16
25750,16
4705,16
43419,16
2525,16
8884,16
1703,16
56915,16
93512,16
68,16
111617,16
85397,16
6872,16
47124,16
2521,16
409,16
2597,16
77201,16
60333,16
1105,16
6582,16
875,16
3357,16
156726,16
112788,16
133645,16
101962,16
72393,16
1642,16
27800,16
4714,16
145839,16
81156,16
1937,16
61026,16
4422,16
152017,16
69529,16
3604,16
82242,16
2786,16
577,16
62203,16
4589,16
6279,16
1595,16
4578,16
61401,16
62250,16
2801,16
2267,16
47952,16
1495,16
4812,16
47721,16
3306,16
3758,16
2152,16
2585,16
69712,16
2149,16
56003,16
86293,16
8796,16
6927,15
62792,15
44864,15
148652,15
6971,15
76173,15
64997,15
8656,15
106540,15
2073,15
1525,15
152,15
5417,15
27020,15
8010,15
59014,15
5367,15
67695,15
3843,15
8147,15
7071,15
74452,15
4438,15
2582,15
4532,15
64032,15
617,15
8195,15
1654,15
6986,15
1640,15
2625,15
5348,15
61071,15
841,15
7209,15
6992,15
6991,15
3810,15
4518,15
52967,15
60943,15
209,15
121,15
5818,15
6464,15
3506,15
3943,15
26003,15
670,15
7396,15
2024,15
81018,15
6422,15
85780,15
3765,15
3963,15
45382,15
70567,15
64499,15
2314,15
1896,15
129937,15
32892,15
6252,15
3989,15
7493,15
158528,15
7566,15
3747,15
3985,15
1929,15
5787,15
5773,15
3771,15
5450,15
157200,15
51088,15
6785,15
109864,15
8711,15
112911,15
7319,15
38,15
35,15
6678,15
486,15
6223,15
5597,15
7943,15
2937,15
5625,15
3720,15
2928,15
64285,15
2927,15
129514,15
46850,15
472,15
6568,15
1936,15
1631,15
1791,15
32554,15
217,15
78174,15
183,15
99437,15
37739,15
4921,15
37736,15
3696,15
4619,15
1456,15
4355,15
1151,15
1535,15
4278,15
37475,15
4898,15
1447,15
34523,15
3165,15
4771,15
638,15
4802,15
3206,15
1756,15
4274,15
4830,15
554,14
885,14
2445,14
2131,14
1054,14
7983,14
79720,14
101283,14
71252,14
115664,14
6803,14
160718,14
2007,14
1398,14
2481,14
4426,14
7624,14
2264,14
4440,14
4109,14
8012,14
96815,14
67665,14
5498,14
72489,14
7010,14
3789,14
6868,14
3544,14
3743,14
7354,14
50923,14
5573,14
917,14
2828,14
108156,14
5017,14
100553,14
1824,14
7810,14
3600,14
91325,14
451,14
1599,14
8016,14
116397,14
4496,14
4612,14
8684,14
89837,14
3456,14
3224,14
2781,14
2780,14
6638,14
73808,14
85394,14
214,14
4920,14
2339,14
3563,14
55167,14
49957,14
5069,14
113829,14
5694,14
1943,14
45440,14
3539,14
7382,14
26999,14
133798,14
4293,14
2449,14
937,14
3694,14
294,14
1621,14
143657,14
26425,14
114670,14
7294,14
7379,14
26462,14
3425,14
27410,14
7303,14
1336,14
5826,14
7311,14
27338,14
65577,14
3627,14
4143,14
4699,14
84615,14
6357,14
95311,14
91414,14
8906,14
42728,14
27478,14
5799,14
6856,14
8039,14
39234,14
1076,14
133195,14
6816,14
66785,14
3502,14
2290,14
83480,14
3447,14
2570,14
31162,14
6629,13
2681,13
982,13
4130,13
90403,13
238,13
4981,13
6770,13
140928,13
659,13
5981,13
70533,13
4273,13
104303,13
5682,13
7846,13
59392,13
64701,13
5663,13
3834,13
88950,13
55555,13
33896,13
3338,13
7042,13
50658,13
89305,13
32469,13
126430,13
5705,13
155820,13
26111,13
109846,13
104441,13
7216,13
4042,13
160565,13
5961,13
128520,13
935,13
26172,13
59731,13
68486,13
136016,13
8589,13
46337,13
4233,13
114074,13
5581,13
467,13
7020,13
5909,13
84950,13
3734,13
835,13
6748,13
228,13
96,13
101360,13
6684,13
32456,13
3031,13
6178,13
626,13
3559,13
79274,13
83803,13
33138,13
4811,13
1337,13
1482,13
57526,13
4675,13
159690,13
43904,13
44849,13
59995,13
71573,13
8125,13
64249,13
152091,13
269,13
86817,13
1771,13
113252,13
58191,13
6316,13
6559,13
4409,13
114601,13
6315,13
52460,13
7308,13
3405,13
91134,13
5048,13
65465,13
705,13
8327,13
268,13
3807,13
5279,13
8482,13
363,13
270,13
94953,13
106452,13
6990,13
4756,13
499,13
53024,13
6460,13
95583,13
6850,13
976,13
48698,13
6920,13
498,13
1545,13
5076,13
78264,13
105954,13
2651,13
1844,13
2522,13
1788,13
42732,13
1546,13
6858,13
55946,13
114762,13
5137,13
25850,13
26258,13
119655,13
60293,13
2295,13
3658,13
51705,13
6780,13
8620,13
54787,13
7107,13
2753,12
2507,12
2757,12
3423,12
9010,12
5765,12
89047,12
6339,12
8799,12
105585,12
2368,12
4290,12
4658,12
4473,12
6387,12
7374,12
2417,12
83976,12
4630,12
44759,12
109895,12
8576,12
4640,12
3211,12
44613,12
7773,12
72209,12
4862,12
72386,12
1329,12
2714,12
7708,12
6031,12
48872,12
100487,12
4332,12
40959,12
7340,12
94833,12
5965,12
25805,12
3725,12
93287,12
7844,12
4782,12
6579,12
7833,12
279,12
3400,12
5888,12
46855,12
6997,12
4559,12
48319,12
8527,12
31116,12
42197,12
77798,12
2559,12
30883,12
31435,12
2835,12
3572,12
5788,12
2330,12
26485,12
7300,12
3076,12
5604,12
51698,12
5609,12
6827,12
1410,12
295,12
5346,12
69275,12
4222,12
341,12
73042,12
26422,12
5109,12
3041,12
5012,12
5141,12
5588,12
90374,12
40,12
39307,12
488,12
26403,12
7990,12
3662,12
50954,12
2190,12
2974,12
2975,12
495,12
3718,12
5059,12
8363,12
55732,12
7984,12
2656,12
4696,12
31422,12
2276,12
71468,12
1475,12
3013,12
58839,12
2462,12
5732,12
114552,12
3320,12
4216,12
76091,12
5689,12
50445,12
5670,12
7135,12
4186,11
1341,11
6051,11
7748,11
6244,11
7250,11
806,11
86852,11
159755,11
6368,11
8364,11
103801,11
4131,11
64229,11
61465,11
726,11
71429,11
808,11
3579,11
600,11
68536,11
80858,11
6273,11
3774,11
6021,11
26819,11
1516,11
4634,11
4721,11
111235,11
26391,11
80862,11
132157,11
9004,11
8911,11
759,11
43556,11
200,11
8582,11
6782,11
43932,11
7299,11
8830,11
6100,11
3010,11
4479,11
5041,11
4184,11
5337,11
3892,11
3813,11
41527,11
3127,11
148,11
108192,11
2075,11
6300,11
4352,11
51357,11
77837,11
25856,11
8011,11
6344,11
206,11
6237,11
7095,11
3304,11
4711,11
1728,11
3715,11
6335,11
4670,11
6405,11
4625,11
34321,11
6493,11
74698,11
7831,11
408,11
1668,11
7070,11
112582,11
3509,11
7826,11
6506,11
6442,11
6751,11
3719,11
3590,11
2749,11
82527,11
463,11
2939,11
6429,11
7924,11
4043,11
4198,11
81132,11
1865,11
98604,11
36397,11
7258,11
5847,11
2515,11
5073,11
113780,11
4471,11
27002,11
7068,11
5125,11
5672,11
7834,11
68347,11
2482,11
1310,11
5169,11
7043,11
27850,11
4312,11
1056,11
8199,11
7080,11
30818,11
5968,11
103659,11
54513,11
8447,11
44633,11
3738,11
49220,11
4501,11
2098,11
7976,11
8946,11
1733,11
3823,11
8712,11
6722,11
110771,11
4350,11
5932,11
5777,11
62049,11
139415,11
6425,11
79251,11
5780,11
3966,10
3588,10
91690,10
6269,10
4442,10
7171,10
4347,10
6298,10
3936,10
65601,10
2573,10
27005,10
6521,10
4783,10
5095,10
3975,10
2800,10
57353,10
3094,10
55031,10
52606,10
4294,10
130970,10
6358,10
2774,10
1798,10
5165,10
3768,10
118082,10
103755,10
26393,10
1925,10
148238,10
6400,10
2552,10
4360,10
7372,10
72308,10
47254,10
4282,10
2733,10
5244,10
142536,10
149830,10
95307,10
8571,10
3370,10
1180,10
26349,10
6798,10
4750,10
6812,10
2103,10
3962,10
6268,10
7888,10
96565,10
5470,10
99,10
1490,10
7223,10
2400,10
3281,10
3158,10
1331,10
331,10
3205,10
8943,10
30892,10
3920,10
82499,10
1854,10
7206,10
8451,10
7771,10
4617,10
54734,10
68945,10
4987,10
7003,10
3739,10
7087,10
27879,10
2893,10
5612,10
131796,10
3180,10
3833,10
1413,10
50162,10
7056,10
470,10
45183,10
128606,10
1880,10
89072,10
3606,10
3663,10
5820,10
5619,10
95135,10
114028,10
2590,10
5643,10
5642,10
92439,10
1744,10
3622,10
219,10
3161,10
4692,10
6039,10
7767,10
1472,10
25769,10
2037,10
2847,10
74944,10
3289,10
6186,10
1458,10
25777,10
46772,10
6201,10
1326,10
3746,10
104078,10
142422,10
50011,10
3886,10
2238,10
201,10
31700,10
4169,10
77421,10
7505,10
3577,10
3714,10
82152,10
563,10
4217,10
3109,10
72762,10
39052,10
6116,10
2721,10
4569,10
26524,10
2853,10
92058,10
1624,10
4996,10
4316,10
26649,10
4414,10
51174,10
6140,10
6995,10
82378,10
1114,10
26547,10
4428,9
3923,9
6531,9
66130,9
3621,9
31502,9
2189,9
6898,9
81158,9
3587,9
6598,9
6768,9
46559,9
31689,9
6703,9
60674,9
60516,9
84187,9
6609,9
2649,9
867,9
6851,9
60609,9
6869,9
2741,9
65418,9
26464,9
99574,9
90343,9
7208,9
7979,9
988,9
764,9
7210,9
5601,9
70697,9
484,9
1564,9
131714,9
664,9
4622,9
3655,9
80241,9
61167,9
31431,9
27373,9
992,9
7894,9
4500,9
2479,9
88954,9
124859,9
127212,9
5836,9
42958,9
7217,9
88345,9
148956,9
67867,9
82463,9
74754,9
26578,9
7179,9
77414,9
43869,9
5134,9
74282,9
94799,9
5172,9
26400,9
3048,9
5205,9
91323,9
5248,9
4181,9
53189,9
110453,9
65193,9
79588,9
8338,9
3002,9
3454,9
26303,9
4570,9
8044,9
7093,9
90469,9
5427,9
5440,9
5443,9
140816,9
4411,9
97057,9
4268,9
3628,9
6306,9
75813,9
4792,9
4645,9
2499,9
3854,9
6247,9
93242,9
36533,9
26686,9
7564,9
4390,9
6204,9
134783,9
3284,9
4389,9
3855,9
6327,9
4769,9
309,9
4767,9
8998,9
753,9
746,9
55156,9
145935,9
97870,9
47202,9
7394,9
4749,9
55207,9
26663,9
54331,9
93040,9
4486,9
97328,9
5960,9
1317,9
64501,9
452,9
2621,9
130087,9
95199,9
3664,9
26947,9
7012,9
3518,9
7812,9
4837,9
336,9
3849,9
48596,9
26810,9
2201,8
3602,8
72696,8
7222,8
43832,8
1570,8
8835,8
127319,8
2128,8
4441,8
82041,8
6840,8
2607,8
7122,8
4600,8
4655,8
36289,8
4664,8
8575,8
81535,8
3795,8
3679,8
31445,8
27251,8
3816,8
4567,8
1571,8
3613,8
2362,8
6982,8
2227,8
7088,8
61361,8
4566,8
96911,8
5883,8
7832,8
108689,8
2286,8
3643,8
32582,8
1351,8
4183,8
4893,8
5825,8
4053,8
26606,8
27689,8
7883,8
5735,8
109483,8
8923,8
5914,8
8158,8
4405,8
7753,8
966,8
78160,8
4001,8
70565,8
1123,8
6008,8
120637,8
49314,8
3043,8
49225,8
5958,8
91199,8
88118,8
632,8
3042,8
104419,8
3331,8
56563,8
2260,8
5503,8
615,8
8367,8
2972,8
3716,8
141422,8
70994,8
53466,8
3496,8
51418,8
2055,8
3128,8
4521,8
90603,8
8121,8
2992,8
2187,8
5515,8
5521,8
4111,8
32025,8
4081,8
50641,8
1489,8
50740,8
92264,8
104339,8
5605,8
1750,8
8689,8
68099,8
5300,8
5307,8
4977,8
26171,8
3537,8
6032,8
25868,8
391,8
46347,8
1044,8
63826,8
7352,8
6592,8
106022,8
34536,8
2738,8
241,8
124,8
69069,8
2751,8
6480,8
6477,8
102819,8
59985,8
8813,8
1053,8
4394,8
4704,8
6813,8
3103,8
4201,8
8930,8
60832,8
6772,8
2197,8
128512,8
65567,8
34552,8
69253,8
6725,8
6723,8
1055,8
84847,8
715,8
767,8
4279,8
48061,8
3343,8
4404,8
4561,8
2812,8
5179,8
702,8
6123,8
6314,8
148888,8
3217,8
26350,8
91483,8
110297,8
66427,8
129659,8
2784,8
4840,8
4772,8
60291,8
3110,8
8239,8
26700,8
3069,8
47404,8
3960,8
418,8
5056,8
8999,8
80864,8
1473,8
8167,7
2074,7
8117,7
71131,7
8290,7
8126,7
63515,7
99764,7
63540,7
8675,7
61394,7
79590,7
3637,7
8093,7
1322,7
1312,7
7705,7
7702,7
7586,7
7584,7
1325,7
8797,7
1164,7
8494,7
8499,7
2516,7
8525,7
7307,7
81516,7
109191,7
27851,7
3792,7
7790,7
8720,7
108709,7
107057,7
127136,7
8713,7
39419,7
7944,7
8724,7
2483,7
7895,7
8385,7
7889,7
3692,7
7835,7
8765,7
7636,7
4403,7
69746,7
56274,7
65135,7
25996,7
5383,7
3951,7
1437,7
25995,7
6356,7
26467,7
5373,7
31737,7
91886,7
26151,7
5099,7
5101,7
31026,7
2809,7
6260,7
5915,7
103299,7
53447,7
6416,7
6423,7
106011,7
392,7
32728,7
97957,7
110611,7
43744,7
6516,7
6476,7
2894,7
33358,7
33312,7
4035,7
6454,7
6450,7
47274,7
25999,7
105769,7
6245,7
4197,7
5114,7
32914,7
52462,7
5333,7
25828,7
6143,7
5980,7
6127,7
64508,7
52456,7
110873,7
48741,7
6077,7
31270,7
6057,7
25891,7
32840,7
25927,7
6025,7
2849,7
3371,7
5117,7
3540,7
26838,7
25753,7
96467,7
52767,7
5947,7
91548,7
2292,7
5353,7
52712,7
27441,7
48165,7
5187,7
6203,7
5193,7
997,7
25795,7
5352,7
4965,7
59594,7
66744,7
8915,7
4691,7
567,7
64116,7
3847,7
1455,7
26712,7
987,7
4300,7
6983,7
26122,7
83374,7
5539,7
4737,7
6596,7
55116,7
6918,7
71876,7
3839,7
3838,7
3605,7
7086,7
2938,7
3806,7
74668,7
130452,7
1669,7
26163,7
3820,7
101612,7
134881,7
7085,7
4659,7
476,7
2586,7
55687,7
77206,7
72176,7
6892,7
2962,7
251,7
5466,7
6612,7
4353,7
1583,7
2697,7
388,7
84844,7
6676,7
32234,7
27604,7
54328,7
26199,7
633,7
74740,7
5840,7
4863,7
26631,7
5737,7
4798,7
90357,7
5734,7
6864,7
26695,7
73860,7
26694,7
32302,7
4454,7
1068,7
2669,7
4462,7
4528,6
3329,6
32203,6
5600,6
2465,6
964,6
136447,6
79946,6
59143,6
72367,6
32078,6
95067,6
981,6
1169,6
4106,6
5471,6
104245,6
26302,6
5357,6
90863,6
51044,6
90738,6
127114,6
27416,6
2191,6
4761,6
3183,6
3691,6
4895,6
3199,6
4354,6
72169,6
4822,6
3221,6
4806,6
1450,6
55100,6
63239,6
78544,6
3245,6
4925,6
8511,6
3406,6
4297,6
630,6
8612,6
31522,6
4666,6
1671,6
4629,6
3680,6
55895,6
1463,6
1328,6
132961,6
58351,6
4175,6
5121,6
26318,6
74508,6
26324,6
1812,6
4401,6
5243,6
5238,6
5233,6
5230,6
5198,6
5170,6
95567,6
91628,6
5119,6
4972,6
67252,6
5075,6
62801,6
8273,6
26472,6
2101,6
3446,6
5001,6
26562,6
92198,6
3144,6
3393,6
3434,6
8718,6
110781,6
7938,6
60382,6
86059,6
86014,6
8989,6
6413,6
7437,6
6427,6
1502,6
6349,6
1932,6
60471,6
85316,6
33587,6
42191,6
98083,6
31000,6
2783,6
25763,6
754,6
80844,6
6230,6
2493,6
25755,6
112497,6
6233,6
7541,6
4475,6
105246,6
6257,6
129737,6
3490,6
3970,6
7459,6
42217,6
6611,6
7355,6
7078,6
3851,6
2626,6
33838,6
83177,6
7067,6
2589,6
7199,6
245,6
7108,6
7111,6
61289,6
7136,6
8832,6
43635,6
7243,6
71494,6
76111,6
98369,6
6935,6
98296,6
42946,6
2653,6
375,6
2659,6
109687,6
8927,6
2678,6
1406,6
6762,6
3914,6
2704,6
6229,6
56079,6
25764,6
32591,6
25904,6
7899,6
4490,6
1652,6
25937,6
7789,6
26094,6
3737,6
7809,6
50245,6
116136,6
5808,6
49284,6
7585,6
1428,6
57845,6
2892,6
5869,6
30745,6
7843,6
7620,6
4073,6
6180,6
8779,6
2049,6
8785,6
25842,6
99220,6
74677,6
6125,6
6115,6
6109,6
48682,6
26012,5
8918,5
26025,5
32387,5
8920,5
26701,5
2305,5
27857,5
27329,5
8840,5
34129,5
8725,5
27704,5
26086,5
26736,5
2257,5
27032,5
32371,5
151639,5
33912,5
26116,5
71810,5
109740,5
31150,5
33826,5
8745,5
78034,5
8752,5
8955,5
32160,5
25826,5
31930,5
25911,5
8767,5
31956,5
25865,5
9001,5
26342,5
34164,5
73759,5
31101,5
2397,5
8670,5
1324,5
73101,5
111249,5
25773,5
75983,5
74152,5
122888,5
111663,5
26005,5
27812,5
8931,5
25993,5
27802,5
2345,5
33621,5
1311,5
76054,5
74787,5
1174,5
31770,5
27186,5
25952,5
26564,5
27075,5
5416,5
5830,5
6961,5
5875,5
5868,5
5864,5
49688,5
8580,5
49917,5
130448,5
1874,5
89427,5
5615,5
5607,5
5599,5
984,5
5531,5
2964,5
114265,5
51127,5
5425,5
2984,5
140725,5
5366,5
962,5
1822,5
956,5
5256,5
5232,5
5224,5
49528,5
2886,5
141718,5
2766,5
83506,5
6896,5
118354,5
6822,5
6735,5
2708,5
6628,5
46919,5
85261,5
69118,5
47152,5
6458,5
86290,5
5936,5
6348,5
48032,5
105037,5
1902,5
6092,5
48791,5
6037,5
1891,5
49132,5
2878,5
87660,5
104863,5
5199,5
140265,5
5023,5
59590,5
58146,5
4284,5
4252,5
3442,5
58879,5
96448,5
65037,5
3463,5
1612,5
100745,5
834,5
59519,5
97168,5
3390,5
97395,5
1493,5
703,5
60128,5
3921,5
3885,5
98230,5
98836,5
3780,5
99005,5
3640,5
99468,5
101850,5
57792,5
5022,5
66200,5
3133,5
3138,5
92048,5
92234,5
92309,5
53999,5
54768,5
114818,5
4796,5
3239,5
66335,5
4731,5
4687,5
1632,5
4684,5
115216,5
3282,5
571,5
573,5
4627,5
4573,5
94931,5
4534,5
56633,5
49,5
57223,5
2638,5
6064,5
41226,5
1112,5
1335,5
108795,5
7069,5
287,5
2434,5
69516,5
36931,5
7061,5
7919,5
320,5
7897,5
111795,5
44587,5
70282,5
106873,5
80185,5
8336,5
42900,5
8190,5
79318,5
8142,5
8188,5
178,5
7096,5
2566,5
8191,5
7936,5
8196,5
39398,5
69805,5
3678,5
8331,5
7211,5
8522,5
108949,5
7650,5
7613,5
106839,5
8534,5
83270,5
7815,5
80727,5
107702,5
44731,5
189,5
2620,5
70344,5
7574,5
2419,5
8700,4
7948,4
4789,4
5153,4
91273,4
80026,4
55110,4
5168,4
2056,4
114635,4
73392,4
26394,4
26732,4
4667,4
3047,4
26366,4
93980,4
4712,4
52730,4
5227,4
55417,4
7774,4
8056,4
5028,4
3223,4
103543,4
4800,4
26509,4
7892,4
5018,4
53326,4
1767,4
131168,4
8753,4
1759,4
5063,4
8751,4
5000,4
4988,4
4660,4
40226,4
7915,4
5085,4
1444,4
3106,4
4897,4
72043,4
66659,4
91673,4
66544,4
8727,4
52831,4
7920,4
4832,4
2284,4
112303,4
26782,4
83332,4
34326,4
98122,4
8611,4
3883,4
109042,4
135264,4
3903,4
100272,4
60649,4
3933,4
831,4
1152,4
824,4
8524,4
31104,4
27768,4
97742,4
97639,4
3870,4
27826,4
1504,4
133545,4
78321,4
63393,4
1549,4
133782,4
134569,4
3757,4
3759,4
27875,4
62115,4
27871,4
8535,4
3790,4
134859,4
116849,4
2219,4
687,4
4026,4
8123,4
2487,4
8332,4
31374,4
4302,4
136654,4
37785,4
78116,4
27022,4
4470,4
8502,4
3340,4
26915,4
138204,4
102217,4
26854,4
3313,4
1657,4
132888,4
4271,4
3427,4
58432,4
59549,4
4048,4
96863,4
78729,4
3491,4
100843,4
3465,4
71390,4
4177,4
4179,4
4185,4
96563,4
96490,4
844,4
8642,4
3351,4
32022,4
5275,4
114,4
130083,4
6198,4
2839,4
48231,4
48159,4
6228,4
6231,4
6295,4
32943,4
105429,4
6318,4
2776,4
8854,4
9000,4
2767,4
68959,4
7074,4
6162,4
127204,4
32853,4
6035,4
7126,4
6042,4
6047,4
32844,4
6056,4
82173,4
48711,4
2848,4
6114,4
957,4
6126,4
25841,4
113532,4
6154,4
25825,4
86000,4
2758,4
6432,4
1067,4
45679,4
6769,4
2674,4
2350,4
8933,4
2673,4
6788,4
6826,4
68967,4
6883,4
1181,4
2650,4
1989,4
144172,4
8882,4
2635,4
45837,4
76060,4
6683,4
129,4
82934,4
263,4
6467,4
47148,4
6527,4
7038,4
129428,4
6599,4
6613,4
46664,4
46574,4
146,4
2715,4
2342,4
6641,4
6022,4
8584,4
5993,4
71823,4
7453,4
5561,4
2945,4
32381,4
2523,4
50651,4
89388,4
50259,4
5815,4
5684,4
89260,4
50147,4
5736,4
5746,4
2913,4
5754,4
2494,4
5490,4
980,4
5448,4
5285,4
5289,4
26322,4
961,4
5335,4
90870,4
5354,4
80736,4
5372,4
26268,4
32153,4
32174,4
26241,4
2981,4
2032,4
118924,4
42351,4
5984,4
43910,4
7219,4
7302,4
5966,4
145150,4
447,4
68444,4
7186,4
7266,4
26007,4
7190,4
69654,4
32632,3
61210,3
58554,3
161594,3
32686,3
51380,3
45969,3
60763,3
51372,3
220,3
45506,3
115502,3
44911,3
30783,3
1531,3
52528,3
112767,3
112399,3
45000,3
55851,3
56015,3
64278,3
45172,3
34002,3
56095,3
45179,3
155392,3
118248,3
67361,3
1990,3
49265,3
1423,3
49902,3
53887,3
37,3
65310,3
49817,3
1613,3
54270,3
108,3
112070,3
47728,3
66596,3
1420,3
71732,3
42681,3
48198,3
53737,3
113207,3
53038,3
113565,3
70597,3
54910,3
53133,3
53,3
70946,3
56908,3
59834,3
57972,3
1933,3
34435,3
70188,3
49526,3
2086,3
68838,3
48660,3
99470,3
30723,3
2610,3
128592,3
1063,3
6771,3
6940,3
2637,3
6981,3
83293,3
7050,3
1026,3
127206,3
7152,3
2569,3
81949,3
81910,3
7315,3
146309,3
6562,3
85399,3
8903,3
6133,3
2855,3
6084,3
6105,3
6107,3
6121,3
6124,3
6132,3
30712,3
6513,3
87205,3
2824,3
105715,3
6446,3
6470,3
6474,3
6498,3
7357,3
7358,3
146688,3
8667,3
1154,3
1163,3
8616,3
8617,3
8629,3
109317,3
8654,3
8709,3
7615,3
8763,3
8768,3
126006,3
264,3
8811,3
77359,3
8851,3
8583,3
8460,3
8410,3
8388,3
7697,3
80553,3
7787,3
7818,3
7822,3
107953,3
107978,3
80083,3
7942,3
127144,3
7995,3
8143,3
8194,3
108715,3
285,3
87930,3
87975,3
5933,3
4399,3
96667,3
96590,3
3449,3
133281,3
96004,3
4384,3
4391,3
4453,3
139130,3
94969,3
876,3
3302,3
4592,3
4606,3
3294,3
3292,3
4108,3
3492,3
4051,3
3520,3
3687,3
775,3
3656,3
3626,3
3777,3
3800,3
3804,3
3612,3
3609,3
100106,3
3900,3
3568,3
3560,3
100450,3
97393,3
94323,3
94024,3
5923,3
5575,3
5142,3
91470,3
5236,3
5276,3
3003,3
2998,3
90428,3
5641,3
568,3
2923,3
5703,3
89102,3
2904,3
5834,3
2887,3
5913,3
5097,3
5083,3
5079,3
91947,3
4706,3
4716,3
4717,3
132074,3
93422,3
4766,3
4810,3
3218,3
4831,3
4859,3
4930,3
92496,3
4952,3
3140,3
3136,3
123947,3
6195,3
26180,3
25930,3
25962,3
26251,3
26414,3
26093,3
2244,3
73386,3
26117,3
26501,3
72694,3
26812,3
2237,3
26147,3
27178,3
120805,3
8979,3
121171,3
8987,3
27784,3
27724,3
27778,3
26791,3
110348,3
8929,3
8938,3
25916,3
27555,3
26079,3
26726,3
25852,3
25898,3
26313,3
26010,3
26178,3
26505,3
25807,3
25744,3
26325,3
6408,2
6404,2
4417,2
6390,2
47330,2
85572,2
63179,2
4445,2
74630,2
7081,2
47714,2
4469,2
2304,2
26231,2
32211,2
6148,2
2850,2
94919,2
4550,2
6182,2
102378,2
94939,2
26229,2
27664,2
4522,2
86982,2
2832,2
6227,2
68901,2
6447,2
86884,2
26208,2
4491,2
6261,2
3349,2
56336,2
27713,2
47196,2
6830,2
6739,2
110352,2
132800,2
6757,2
84304,2
84236,2
6806,2
101531,2
6828,2
84154,2
95965,2
6465,2
84098,2
6877,2
83827,2
3414,2
32464,2
58365,2
7002,2
69495,2
4236,2
1087,2
4342,2
6728,2
6718,2
131,2
26176,2
1928,2
32352,2
865,2
2164,2
6515,2
6522,2
26160,2
129657,2
57418,2
6603,2
2256,2
95508,2
6644,2
143257,2
3377,2
864,2
136800,2
143410,2
69241,2
6710,2
32170,2
31408,2
122490,2
5356,2
54290,2
3202,2
3207,2
5203,2
5223,2
91355,2
1807,2
52545,2
5242,2
91286,2
4861,2
5278,2
52378,2
73488,2
92756,2
3025,2
4854,2
5315,2
92966,2
74115,2
5342,2
73469,2
5344,2
159972,2
103444,2
26684,2
3116,2
66808,2
4960,2
4984,2
131451,2
4949,2
92494,2
3122,2
5038,2
5042,2
5043,2
5057,2
5088,2
26702,2
1433,2
66686,2
54251,2
84,2
31524,2
4923,2
77,2
103221,2
152057,2
51773,2
130580,2
582,2
114459,2
5778,2
55498,2
31963,2
4698,2
5832,2
26435,2
98,2
5850,2
68324,2
88380,2
5880,2
26413,2
49394,2
5917,2
5926,2
104760,2
27255,2
58706,2
104906,2
2864,2
94480,2
138610,2
141956,2
89090,2
89194,2
5710,2
90266,2
26788,2
4768,2
5395,2
51304,2
4763,2
4755,2
4753,2
26797,2
5517,2
5518,2
67957,2
89321,2
114082,2
89881,2
1861,2
4722,2
2930,2
26850,2
89678,2
5655,2
93700,2
1692,2
44597,2
117456,2
100304,2
78967,2
117107,2
59945,2
7583,2
111913,2
32743,2
41585,2
97744,2
3611,2
7625,2
8422,2
2486,2
8420,2
70465,2
37211,2
2215,2
1153,2
8544,2
112460,2
25929,2
7309,2
98963,2
1563,2
99992,2
120783,2
7349,2
3522,2
7571,2
25906,2
81083,2
7407,2
36152,2
98795,2
59935,2
60137,2
40817,2
75990,2
2323,2
25801,2
70846,2
7947,2
3913,2
79868,2
70898,2
3902,2
8003,2
79677,2
8070,2
25752,2
8133,2
8136,2
79259,2
110194,2
3574,2
156025,2
8267,2
7872,2
80572,2
3567,2
60343,2
111251,2
3940,2
32882,2
3934,2
3845,2
98587,2
3924,2
3922,2
39779,2
44317,2
39659,2
78122,2
112550,2
4139,2
115927,2
111680,2
69908,2
7196,2
755,2
59339,2
8766,2
7180,2
7083,2
126106,2
25947,2
43899,2
7172,2
82313,2
64900,2
72603,2
71533,2
769,2
8730,2
8850,2
43391,2
1555,2
109372,2
71438,2
4140,2
4076,2
44301,2
8954,2
7272,2
3495,2
120821,2
59180,2
4136,2
43177,2
2214,2
7130,2
107081,2
110748,1
92498,1
115139,1
99273,1
99296,1
139642,1
63481,1
66297,1
99276,1
98585,1
161918,1
102753,1
102792,1
92694,1
63436,1
98473,1
133824,1
99741,1
116939,1
115149,1
103235,1
134246,1
110461,1
102716,1
73276,1
133419,1
160438,1
98441,1
93693,1
115147,1
64197,1
116985,1
99415,1
72630,1
100159,1
73572,1
99811,1
98458,1
116855,1
63629,1
92665,1
114766,1
98611,1
66665,1
139757,1
100032,1
98279,1
93061,1
72641,1
103107,1
98803,1
100083,1
99106,1
92954,1
92938,1
63836,1
99917,1
99089,1
110826,1
151307,1
99030,1
63876,1
131830,1
64114,1
102905,1
103228,1
99270,1
93498,1
66310,1
102800,1
93432,1
134528,1
117121,1
163056,1
139915,1
93324,1
66317,1
93363,1
99839,1
99846,1
66371,1
110871,1
114925,1
98607,1
103210,1
72226,1
115881,1
66171,1
101884,1
95780,1
92210,1
96726,1
72737,1
95744,1
101025,1
133365,1
101741,1
96792,1
96821,1
96829,1
64695,1
160590,1
137337,1
95473,1
65552,1
96901,1
95499,1
100581,1
115713,1
97188,1
136305,1
97225,1
95475,1
100556,1
97230,1
135887,1
110645,1
95782,1
101070,1
136602,1
101076,1
65133,1
96373,1
133295,1
72919,1
96314,1
101106,1
101362,1
65216,1
65230,1
117434,1
136592,1
96150,1
101415,1
65259,1
72741,1
132952,1
136445,1
96020,1
96634,1
72380,1
160656,1
115877,1
64993,1
101529,1
64990,1
95963,1
96655,1
135861,1
100527,1
98175,1
66090,1
64338,1
110655,1
64321,1
132496,1
65802,1
72356,1
94677,1
73023,1
94494,1
73106,1
94325,1
139116,1
73168,1
121113,1
95443,1
98124,1
94015,1
93982,1
135268,1
132458,1
98126,1
102588,1
98154,1
98160,1
93838,1
102666,1
102686,1
135266,1
65685,1
102396,1
100306,1
72720,1
97470,1
95377,1
116207,1
132547,1
137595,1
95375,1
115534,1
160567,1
95313,1
72947,1
65642,1
97673,1
95182,1
95165,1
95105,1
117511,1
100383,1
97752,1
97757,1
116413,1
116503,1
95088,1
135508,1
73015,1
133377,1
100326,1
117123,1
92259,1
71525,1
103249,1
107516,1
146682,1
127158,1
70121,1
127178,1
81191,1
69974,1
107406,1
69951,1
71700,1
81512,1
107314,1
69945,1
81537,1
127194,1
107083,1
69821,1
81786,1
107412,1
80917,1
112334,1
107555,1
112370,1
156387,1
80584,1
80586,1
80590,1
112421,1
80599,1
80615,1
107769,1
70418,1
71640,1
156607,1
80748,1
112450,1
70293,1
80846,1
107559,1
112623,1
81834,1
81898,1
118898,1
69526,1
82534,1
112735,1
82608,1
82667,1
74727,1
83096,1
83134,1
106870,1
69481,1
111113,1
106762,1
83322,1
74688,1
83359,1
83361,1
106642,1
118700,1
82169,1
106883,1
74789,1
118890,1
81932,1
112653,1
111228,1
127198,1
69685,1
82035,1
82037,1
69559,1
144714,1
118880,1
118814,1
112689,1
82093,1
82095,1
82150,1
74916,1
148482,1
83613,1
77808,1
76030,1
78041,1
71535,1
71460,1
78111,1
71404,1
78209,1
152081,1
111364,1
150401,1
110110,1
109205,1
71318,1
71304,1
127052,1
111360,1
78349,1
110058,1
111624,1
74948,1
149606,1
109853,1
76210,1
76272,1
71490,1
76293,1
111529,1
76738,1
76763,1
77191,1
120392,1
149590,1
109742,1
71466,1
77435,1
77455,1
77561,1
152173,1
109161,1
108981,1
78517,1
78574,1
79299,1
79357,1
79686,1
71579,1
70984,1
107999,1
75803,1
79824,1
70862,1
112277,1
70678,1
75440,1
107910,1
80346,1
80350,1
70663,1
70599,1
108190,1
79242,1
79185,1
108873,1
78653,1
78703,1
108945,1
75823,1
75816,1
78903,1
112006,1
71211,1
79139,1
79006,1
71180,1
108729,1
148881,1
79029,1
108514,1
79091,1
83411,1
143859,1
92206,1
89761,1
114060,1
89870,1
68073,1
67997,1
104312,1
90057,1
90061,1
114254,1
141668,1
72131,1
67799,1
104243,1
140747,1
90430,1
90524,1
104129,1
90576,1
114044,1
89759,1
74416,1
68194,1
88272,1
104597,1
88672,1
89039,1
89045,1
89085,1
74275,1
89203,1
72104,1
89337,1
130450,1
89343,1
89356,1
89408,1
89470,1
113862,1
76093,1
114342,1
140745,1
90600,1
130520,1
103596,1
91660,1
103449,1
91869,1
91873,1
73741,1
103384,1
103372,1
67087,1
131013,1
91976,1
103339,1
92008,1
73587,1
103279,1
103253,1
66915,1
73854,1
91622,1
140711,1
114464,1
90647,1
90717,1
104119,1
67504,1
67429,1
74089,1
104076,1
90947,1
91505,1
130642,1
67408,1
103865,1
72165,1
73881,1
91488,1
140715,1
88267,1
104726,1
83910,1
128846,1
129250,1
129364,1
143255,1
85179,1
85213,1
142997,1
113186,1
74649,1
85401,1
157667,1
85736,1
68965,1
85796,1
86028,1
113225,1
142507,1
105755,1
113064,1
69134,1
88024,1
85020,1
106332,1
69458,1
106330,1
84116,1
106204,1
84160,1
106144,1
84312,1
112850,1
84395,1
84414,1
118105,1
106111,1
84696,1
84952,1
84954,1
85016,1
68952,1
158238,1
86320,1
86377,1
87304,1
87383,1
87430,1
87444,1
158956,1
87483,1
74532,1
68614,1
87522,1
87529,1
113705,1
104881,1
87598,1
87785,1
104841,1
74510,1
74458,1
68835,1
113453,1
142258,1
117871,1
86487,1
142448,1
86593,1
105351,1
86835,1
105254,1
86864,1
86880,1
113378,1
86892,1
105211,1
68884,1
68872,1
74580,1
113275,1
87218,1
74156,1
1,1
63082,1
3017,1
2961,1
2969,1
2971,1
2977,1
2978,1
2979,1
2982,1
2986,1
2996,1
3001,1
3007,1
3021,1
3079,1
3024,1
3029,1
3030,1
3036,1
3040,1
3046,1
3052,1
3057,1
3064,1
3066,1
3070,1
2956,1
2947,1
2946,1
2942,1
2803,1
2817,1
2820,1
2822,1
2836,1
2837,1
2845,1
2846,1
2856,1
2861,1
2868,1
2869,1
2870,1
2876,1
2879,1
2880,1
2884,1
2885,1
2897,1
2907,1
2915,1
2916,1
2921,1
3072,1
3086,1
2795,1
3310,1
3256,1
3259,1
3261,1
3263,1
3264,1
3266,1
3269,1
3274,1
3276,1
3303,1
3309,1
3314,1
3089,1
3317,1
3318,1
3334,1
3344,1
3355,1
3365,1
3368,1
3380,1
3391,1
3395,1
3398,1
3254,1
3250,1
3247,1
3244,1
3096,1
3104,1
3111,1
3112,1
3113,1
3118,1
3120,1
3121,1
3143,1
3150,1
3157,1
3167,1
3171,1
3175,1
3188,1
3192,1
3213,1
3214,1
3216,1
3232,1
3235,1
3240,1
3241,1
2798,1
2788,1
3402,1
2435,1
2401,1
2406,1
2409,1
2412,1
2415,1
2416,1
2418,1
2424,1
2425,1
2427,1
2428,1
2436,1
2473,1
2439,1
2440,1
2441,1
2443,1
2446,1
2448,1
2453,1
2457,1
2461,1
2464,1
2469,1
2398,1
2395,1
2394,1
2391,1
2273,1
2279,1
2283,1
2291,1
2306,1
2307,1
2316,1
2318,1
2325,1
2329,1
2334,1
2336,1
2337,1
2349,1
2356,1
2365,1
2366,1
2371,1
2374,1
2376,1
2381,1
2387,1
2388,1
2472,1
2474,1
2775,1
2706,1
2640,1
2641,1
2642,1
2643,1
2647,1
2652,1
2655,1
2657,1
2662,1
2670,1
2689,1
2707,1
2475,1
2725,1
2727,1
2735,1
2745,1
2750,1
2754,1
2755,1
2759,1
2761,1
2763,1
2764,1
2636,1
2630,1
2627,1
2618,1
2488,1
2492,1
2502,1
2506,1
2513,1
2526,1
2534,1
2536,1
2537,1
2540,1
2545,1
2550,1
2557,1
2562,1
2571,1
2577,1
2580,1
2581,1
2599,1
2609,1
2612,1
2613,1
2616,1
3401,1
3408,1
2259,1
4214,1
4167,1
4171,1
4174,1
4180,1
4188,1
4189,1
4190,1
4194,1
4205,1
4208,1
4213,1
4220,1
4324,1
4237,1
4241,1
4262,1
4265,1
4266,1
4277,1
4281,1
4299,1
4310,1
4318,1
4319,1
4166,1
4162,1
4146,1
4132,1
4011,1
4017,1
4020,1
4024,1
4030,1
4036,1
4039,1
4041,1
4045,1
4046,1
4056,1
4060,1
4066,1
4080,1
4088,1
4089,1
4092,1
4098,1
4101,1
4114,1
4115,1
4117,1
4122,1
4322,1
4334,1
4003,1
4562,1
4511,1
4515,1
4516,1
4523,1
4524,1
4527,1
4535,1
4543,1
4553,1
4555,1
4560,1
4584,1
4338,1
4590,1
4593,1
4603,1
4608,1
4610,1
4615,1
4621,1
4626,1
4632,1
4641,1
4644,1
4509,1
4506,1
4503,1
4498,1
4340,1
4343,1
4345,1
4359,1
4368,1
4371,1
4375,1
4387,1
4392,1
4402,1
4415,1
4420,1
4427,1
4433,1
4437,1
4451,1
4452,1
4458,1
4459,1
4466,1
4474,1
4482,1
4488,1
4009,1
4002,1
3417,1
3657,1
3575,1
3580,1
3596,1
3599,1
3616,1
3618,1
3619,1
3620,1
3632,1
3634,1
3649,1
3659,1
3721,1
3661,1
3665,1
3672,1
3673,1
3674,1
3689,1
3690,1
3695,1
3705,1
3706,1
3708,1
3573,1
3565,1
3556,1
3547,1
3428,1
3429,1
3431,1
3432,1
3437,1
3439,1
3445,1
3453,1
3459,1
3466,1
3474,1
3476,1
3477,1
3478,1
3479,1
3505,1
3507,1
3515,1
3526,1
3527,1
3531,1
3535,1
3536,1
3713,1
3731,1
3998,1
3939,1
3880,1
3896,1
3905,1
3909,1
3910,1
3916,1
3919,1
3927,1
3928,1
3932,1
3938,1
3941,1
3732,1
3942,1
3945,1
3946,1
3956,1
3964,1
3965,1
3971,1
3977,1
3984,1
3986,1
3991,1
3879,1
3875,1
3864,1
3863,1
3741,1
3744,1
3752,1
3755,1
3761,1
3764,1
3766,1
3770,1
3775,1
3783,1
3787,1
3788,1
3799,1
3801,1
3805,1
3811,1
3826,1
3829,1
3832,1
3837,1
3848,1
3859,1
3860,1
2263,1
2250,1
62912,1
756,1
697,1
698,1
704,1
709,1
719,1
721,1
722,1
728,1
731,1
735,1
745,1
757,1
813,1
760,1
762,1
765,1
779,1
781,1
782,1
787,1
788,1
793,1
798,1
803,1
696,1
695,1
694,1
690,1
574,1
575,1
580,1
586,1
587,1
592,1
599,1
605,1
612,1
614,1
620,1
621,1
628,1
631,1
637,1
639,1
647,1
648,1
651,1
674,1
679,1
681,1
685,1
809,1
816,1
561,1
1017,1
971,1
972,1
986,1
990,1
991,1
994,1
1006,1
1007,1
1008,1
1010,1
1013,1
1032,1
820,1
1033,1
1034,1
1035,1
1036,1
1037,1
1040,1
1057,1
1059,1
1061,1
1064,1
1069,1
970,1
963,1
960,1
953,1
837,1
845,1
846,1
849,1
850,1
852,1
854,1
858,1
869,1
870,1
880,1
882,1
889,1
893,1
896,1
900,1
914,1
921,1
923,1
931,1
936,1
939,1
940,1
564,1
559,1
1086,1
213,1
151,1
159,1
171,1
180,1
184,1
190,1
196,1
202,1
203,1
204,1
211,1
215,1
283,1
216,1
218,1
222,1
242,1
243,1
244,1
248,1
250,1
254,1
258,1
267,1
141,1
140,1
137,1
119,1
9,1
11,1
12,1
26,1
28,1
34,1
41,1
44,1
47,1
59,1
60,1
64,1
66,1
70,1
76,1
78,1
80,1
83,1
100,1
104,1
105,1
116,1
117,1
277,1
291,1
558,1
500,1
439,1
443,1
450,1
453,1
459,1
465,1
490,1
492,1
493,1
494,1
496,1
501,1
301,1
516,1
517,1
520,1
524,1
526,1
527,1
532,1
537,1
539,1
547,1
549,1
438,1
434,1
426,1
419,1
304,1
306,1
312,1
318,1
321,1
324,1
328,1
334,1
335,1
342,1
347,1
351,1
354,1
370,1
371,1
376,1
383,1
384,1
387,1
389,1
401,1
405,1
414,1
1084,1
1089,1
2246,1
1934,1
1895,1
1897,1
1900,1
1901,1
1904,1
1909,1
1910,1
1911,1
1922,1
1924,1
1926,1
1938,1
2011,1
1953,1
1954,1
1955,1
1956,1
1957,1
1964,1
1967,1
1980,1
1988,1
1995,1
2002,1
1889,1
1886,1
1882,1
1878,1
1719,1
1729,1
1730,1
1739,1
1760,1
1785,1
1792,1
1796,1
1801,1
1806,1
1819,1
1826,1
1831,1
1839,1
1846,1
1856,1
1859,1
1860,1
1862,1
1863,1
1864,1
1870,1
1873,1
2008,1
2022,1
1713,1
2154,1
2112,1
2116,1
2117,1
2119,1
2126,1
2142,1
2144,1
2147,1
2150,1
2151,1
2153,1
2155,1
2023,1
2161,1
2163,1
2168,1
2176,1
2200,1
2204,1
2207,1
2210,1
2221,1
2231,1
2241,1
2107,1
2104,1
2093,1
2091,1
2025,1
2026,1
2027,1
2029,1
2031,1
2035,1
2038,1
2041,1
2042,1
2044,1
2047,1
2048,1
2051,1
2052,1
2057,1
2058,1
2062,1
2063,1
2079,1
2080,1
2085,1
2087,1
2090,1
1715,1
1702,1
1091,1
1280,1
1206,1
1212,1
1219,1
1222,1
1226,1
1228,1
1238,1
1241,1
1246,1
1253,1
1257,1
1282,1
1375,1
1289,1
1295,1
1298,1
1323,1
1332,1
1340,1
1349,1
1361,1
1363,1
1367,1
1369,1
1203,1
1199,1
1193,1
1191,1
1094,1
1095,1
1100,1
1101,1
1104,1
1111,1
1127,1
1130,1
1131,1
1133,1
1145,1
1148,1
1162,1
1165,1
1167,1
1168,1
1171,1
1175,1
1178,1
1179,1
1184,1
1189,1
1190,1
1373,1
1378,1
1696,1
1620,1
1572,1
1575,1
1580,1
1591,1
1593,1
1596,1
1598,1
1601,1
1602,1
1611,1
1615,1
1636,1
1384,1
1643,1
1644,1
1645,1
1647,1
1649,1
1672,1
1673,1
1681,1
1682,1
1684,1
1688,1
1566,1
1556,1
1543,1
1539,1
1387,1
1391,1
1392,1
1396,1
1411,1
1415,1
1416,1
1417,1
1427,1
1430,1
1441,1
1449,1
1466,1
1480,1
1483,1
1487,1
1499,1
1501,1
1507,1
1508,1
1523,1
1529,1
1532,1
4649,1
4652,1
4663,1
27876,1
27731,1
27751,1
27773,1
27783,1
27792,1
27793,1
27801,1
27816,1
27821,1
27846,1
27867,1
27878,1
31284,1
27882,1
27922,1
30749,1
30793,1
30848,1
30850,1
30867,1
31109,1
31114,1
31156,1
31193,1
27706,1
27685,1
27648,1
27646,1
26655,1
26689,1
26693,1
26704,1
26731,1
26737,1
26749,1
26750,1
26784,1
26842,1
26865,1
26886,1
26903,1
27109,1
27253,1
27334,1
27351,1
27369,1
27376,1
27397,1
27423,1
27482,1
27544,1
31221,1
31364,1
26603,1
34530,1
33760,1
33817,1
33830,1
33917,1
34018,1
34048,1
34198,1
34338,1
34359,1
34405,1
34528,1
34532,1
31413,1
34583,1
34608,1
36519,1
36553,1
36708,1
37277,1
37384,1
37477,1
37720,1
37727,1
37855,1
33750,1
33681,1
33660,1
33592,1
31433,1
31547,1
31660,1
31724,1
31747,1
31903,1
31921,1
31952,1
31973,1
32139,1
32298,1
32349,1
32369,1
32395,1
32444,1
32525,1
32562,1
32666,1
32735,1
32825,1
33085,1
33124,1
33558,1
26622,1
26599,1
38384,1
8853,1
8790,1
8795,1
8819,1
8820,1
8821,1
8823,1
8828,1
8831,1
8838,1
8839,1
8848,1
8857,1
8935,1
8859,1
8864,1
8871,1
8872,1
8873,1
8879,1
8892,1
8893,1
8899,1
8907,1
8921,1
8777,1
8772,1
8761,1
8754,1
8487,1
8493,1
8504,1
8529,1
8537,1
8572,1
8574,1
8577,1
8600,1
8604,1
8609,1
8618,1
8640,1
8644,1
8645,1
8650,1
8657,1
8661,1
8672,1
8690,1
8695,1
8699,1
8743,1
8928,1
8948,1
26587,1
26338,1
26157,1
26164,1
26188,1
26198,1
26228,1
26265,1
26271,1
26294,1
26317,1
26320,1
26323,1
26346,1
8963,1
26371,1
26375,1
26404,1
26409,1
26487,1
26492,1
26494,1
26513,1
26554,1
26581,1
26585,1
26125,1
26085,1
26084,1
26082,1
8972,1
8977,1
8982,1
8986,1
8988,1
9005,1
9012,1
25774,1
25788,1
25839,1
25874,1
25882,1
25886,1
25900,1
25901,1
25920,1
25941,1
25945,1
25965,1
25971,1
25972,1
26013,1
26052,1
37857,1
38499,1
4674,1
56152,1
55232,1
55250,1
55259,1
55280,1
55294,1
55451,1
55566,1
55652,1
55820,1
55908,1
56069,1
56607,1
58376,1
56715,1
56782,1
57243,1
57326,1
57401,1
57453,1
57980,1
58103,1
58107,1
58154,1
58299,1
55094,1
55071,1
55063,1
54881,1
51931,1
51935,1
52328,1
52666,1
52668,1
52717,1
52885,1
52913,1
52950,1
53000,1
53123,1
53138,1
53883,1
53972,1
53996,1
54001,1
54004,1
54220,1
54419,1
54732,1
54736,1
54745,1
54775,1
58306,1
58425,1
51709,1
61323,1
60384,1
60514,1
60684,1
60937,1
60990,1
61013,1
61075,1
61206,1
61236,1
61248,1
61250,1
61348,1
58559,1
61357,1
61634,1
61646,1
62081,1
62331,1
62434,1
62437,1
62511,1
62718,1
62733,1
62764,1
60295,1
60086,1
59846,1
59832,1
58627,1
58649,1
58655,1
58803,1
58889,1
58964,1
58972,1
58998,1
59018,1
59022,1
59037,1
59258,1
59273,1
59306,1
59333,1
59369,1
59418,1
59429,1
59501,1
59669,1
59684,1
59721,1
59810,1
51927,1
51575,1
38798,1
43558,1
42163,1
42677,1
42721,1
42725,1
42740,1
42783,1
42935,1
43333,1
43351,1
43376,1
43396,1
43708,1
44709,1
43838,1
43871,1
43908,1
43919,1
43930,1
43936,1
44073,1
44191,1
44197,1
44225,1
44245,1
42013,1
42011,1
42009,1
41912,1
38992,1
38994,1
39231,1
39292,1
39381,1
39408,1
39416,1
39421,1
39427,1
39444,1
39446,1
40414,1
40491,1
40574,1
40614,1
40723,1
40833,1
40946,1
41336,1
41571,1
41714,1
41716,1
41769,1
44511,1
44717,1
51540,1
50583,1
48856,1
48972,1
48982,1
49274,1
49278,1
49286,1
49299,1
49651,1
49822,1
49824,1
49961,1
50685,1
45208,1
50703,1
50742,1
50792,1
50802,1
50806,1
50842,1
50912,1
51077,1
51084,1
51094,1
51277,1
48744,1
48738,1
48591,1
48522,1
45210,1
45221,1
45499,1
45720,1
45728,1
45732,1
45987,1
46561,1
46578,1
46965,1
47092,1
47261,1
47287,1
47384,1
47493,1
47606,1
47937,1
47978,1
48142,1
48262,1
48301,1
48385,1
48518,1
8485,1
8484,1
8465,1
5729,1
5668,1
5669,1
5675,1
5677,1
5678,1
5685,1
5696,1
5699,1
5700,1
5718,1
5723,1
5742,1
5839,1
5745,1
5768,1
5779,1
5795,1
5796,1
5803,1
5809,1
5810,1
5816,1
5819,1
5828,1
5662,1
5646,1
5644,1
5638,1
5447,1
5458,1
5459,1
5462,1
5479,1
5500,1
5505,1
5516,1
5530,1
5535,1
5538,1
5541,1
5548,1
5560,1
5574,1
5585,1
5602,1
5603,1
5611,1
5618,1
5622,1
5629,1
5636,1
5829,1
5843,1
5422,1
6211,1
6093,1
6095,1
6096,1
6101,1
6103,1
6122,1
6155,1
6159,1
6187,1
6188,1
6207,1
6214,1
5846,1
6215,1
6225,1
6232,1
6234,1
6239,1
6240,1
6243,1
6249,1
6254,1
6256,1
6263,1
6091,1
6073,1
6040,1
6033,1
5854,1
5857,1
5859,1
5866,1
5874,1
5879,1
5881,1
5891,1
5901,1
5910,1
5918,1
5941,1
5949,1
5954,1
2,1
5959,1
5962,1
5963,1
5971,1
5985,1
5986,1
6000,1
6016,1
5434,1
5421,1
8463,1
4956,1
4855,1
4857,1
4865,1
4867,1
4874,1
4875,1
4927,1
4933,1
4936,1
4941,1
4948,1
4958,1
5060,1
4961,1
4964,1
4968,1
4973,1
4974,1
4980,1
4998,1
4999,1
5003,1
5025,1
5026,1
4849,1
4842,1
4836,1
4835,1
4676,1
4679,1
4680,1
4681,1
4686,1
4690,1
4697,1
4710,1
4713,1
4727,1
4734,1
4735,1
4740,1
4745,1
4751,1
4752,1
4765,1
4770,1
4774,1
4801,1
4804,1
4815,1
4833,1
5049,1
5061,1
5415,1
5341,1
5247,1
5258,1
5264,1
5277,1
5282,1
5297,1
5298,1
5301,1
5302,1
5303,1
5305,1
5343,1
5062,1
5359,1
5360,1
5361,1
5365,1
5375,1
5377,1
5382,1
5384,1
5398,1
5401,1
5413,1
5246,1
5241,1
5234,1
5231,1
5071,1
5080,1
5081,1
5087,1
5093,1
5098,1
5110,1
5111,1
5122,1
5135,1
5146,1
5151,1
5161,1
5164,1
5167,1
5177,1
5180,1
5182,1
5186,1
5202,1
5208,1
5210,1
5219,1
6265,1
6271,1
6276,1
7487,1
7335,1
7348,1
7380,1
7395,1
7411,1
7415,1
7449,1
7454,1
7456,1
7482,1
7484,1
7492,1
7764,1
7577,1
7579,1
7616,1
7619,1
7627,1
7649,1
7713,1
7714,1
7720,1
7743,1
7759,1
7334,1
7327,1
7317,1
7312,1
7137,1
7150,1
7151,1
7154,1
7163,1
7165,1
7173,1
7182,1
7189,1
7192,1
7195,1
7198,1
7204,1
7207,1
7212,1
7228,1
7238,1
7245,1
7257,1
7260,1
7282,1
7283,1
7305,1
7762,1
7786,1
6283,1
8240,1
8130,1
8132,1
8137,1
8138,1
8157,1
8187,1
8189,1
8207,1
8208,1
8235,1
8236,1
8256,1
7791,1
8257,1
8263,1
8264,1
8275,1
8341,1
8369,1
8403,1
8404,1
8423,1
8459,1
8462,1
8129,1
8128,1
8094,1
8057,1
7811,1
7817,1
7878,1
7881,1
7882,1
7914,1
7916,1
7921,1
7922,1
7932,1
7935,1
7939,1
7941,1
7946,1
7951,1
7958,1
7959,1
7987,1
8008,1
8009,1
8014,1
8015,1
8042,1
7132,1
7131,1
7125,1
6593,1
6509,1
6518,1
6525,1
6528,1
6530,1
6536,1
6537,1
6547,1
6571,1
6585,1
6587,1
6602,1
7117,1
6630,1
6646,1
6665,1
6666,1
6671,1
6679,1
6690,1
6706,1
6709,1
6711,1
6713,1
6473,1
6468,1
6452,1
6449,1
6284,1
6294,1
6302,1
6303,1
6329,1
6331,1
6341,1
6342,1
6345,1
6350,1
6355,1
6375,1
6384,1
6386,1
6395,1
6410,1
6412,1
6414,1
6415,1
6419,1
6426,1
6431,1
6433,1
6730,1
6732,1
6744,1
6993,1
7011,1
7024,1
7025,1
7029,1
7044,1
7046,1
7051,1
7055,1
7058,1
7059,1
7062,1
7065,1
7073,1
7079,1
7082,1
7084,1
7089,1
7090,1
7091,1
7099,1
7101,1
7110,1
7115,1
7009,1
6987,1
6755,1
6985,1
6760,1
6773,1
6787,1
6791,1
6793,1
6796,1
6808,1
6814,1
6829,1
6832,1
6835,1
6870,1
6875,1
6884,1
6885,1
6889,1
6906,1
6945,1
6950,1
6954,1
6964,1
6978,1
6979,1
163949,1
